{
  "sybil_roi": 0.678805499868728,
  "sybil_roi_threshold": 0.1,
  "sybil_roi_pass": false,
  "honest_avg_balance": 45.26394223620201,
  "attacker_avg_balance": 30.725412935674335,
  "honest_total_balance": 44811.30281383999,
  "attacker_total_balance": 307.25412935674336,
  "attacker_count": 10,
  "tpr": 0.3,
  "fpr": 0.2808080808080808,
  "tpr_pass": false,
  "fpr_pass": false,
  "gini": 0.7187833747673966,
  "gini_pass": false,
  "gini_warning": true,
  "balance_mean": 45.11855694319673,
  "balance_median": 14.247309139416235,
  "balance_std": 108.39579251538227,
  "vrf_fairness": 0.961,
  "bloom_events": 25,
  "bloom_total_distributed": 4400.0,
  "bloom_unique_winners": 25,
  "bloom_max_wins": 1,
  "stabilization_median_days": 0.0,
  "stabilization_p25_days": 0.0,
  "stabilization_p75_days": 0.0,
  "stabilization_pass": true,
  "pct_reached_theta": 1.0,
  "community_stability": 0.9847133757961783,
  "community_stability_pass": true,
  "num_communities": 773,
  "community_detections": 5,
  "honest_T_mean": 0.09863716551478642,
  "honest_T_std": 0.228035136559346,
  "honest_E_mean": 0.4716286294582412,
  "honest_E_std": 0.12474476555509108,
  "honest_D_mean": 0.5,
  "honest_D_std": 0.0,
  "honest_S_mean": 0.3461512215465154,
  "honest_S_std": 0.048432473907812565,
  "honest_g_S_mean": 1.0068005875366506,
  "honest_g_S_std": 0.014419044338317628,
  "honest_balance_mean": 45.26394223620201,
  "honest_balance_std": 108.87445841049694,
  "honest_F_rate": 0.2808080808080808,
  "attacker_T_mean": 0.2702651629980048,
  "attacker_T_std": 0.28783404526736484,
  "attacker_E_mean": 0.3163551787989547,
  "attacker_E_std": 0.24173980406521384,
  "attacker_D_mean": 0.5,
  "attacker_D_std": 0.0,
  "attacker_S_mean": 0.3439550396824872,
  "attacker_S_std": 0.06517353996752917,
  "attacker_g_S_mean": 1.011827025151177,
  "attacker_g_S_std": 0.02633703579626349,
  "attacker_balance_mean": 30.725412935674335,
  "attacker_balance_std": 51.959080091870796,
  "attacker_F_rate": 0.3,
  "test_id": "DOE_r00_DOE_A10",
  "scenario": "A",
  "scenario_name": "Simple Sybil k=10",
  "network_size": 1000,
  "params": {
    "kappa": 0.5,
    "theta": 0.35,
    "beta": 0.5,
    "bloom_interval": 7,
    "deterministic_ratio": 0.75,
    "grace_period": 30,
    "community_cycle": 30,
    "use_network_distance": false
  }
}