{
  "sybil_roi": 72.19459930532688,
  "sybil_roi_threshold": 0.2,
  "sybil_roi_pass": false,
  "honest_avg_balance": 35.76951088676541,
  "attacker_avg_balance": 2582.3655058175564,
  "honest_total_balance": 35590.663332331584,
  "attacker_total_balance": 12911.827529087783,
  "attacker_count": 5,
  "tpr": 0.0,
  "fpr": 0.0020100502512562816,
  "tpr_pass": false,
  "fpr_pass": true,
  "gini": 0.6269375846005729,
  "gini_pass": false,
  "gini_warning": true,
  "balance_mean": 48.50249086141936,
  "balance_median": 24.56159303494814,
  "balance_std": 187.9714442600879,
  "vrf_fairness": 0.9176666666666666,
  "bloom_events": 12,
  "bloom_total_distributed": 4225.0,
  "bloom_unique_winners": 12,
  "bloom_max_wins": 1,
  "stabilization_median_days": 0.0,
  "stabilization_p25_days": 0.0,
  "stabilization_p75_days": 0.0,
  "stabilization_pass": true,
  "pct_reached_theta": 1.0,
  "community_stability": 0.9,
  "community_stability_pass": false,
  "num_communities": 30,
  "community_detections": 5,
  "honest_T_mean": 0.7955011965773054,
  "honest_T_std": 0.1037427472530411,
  "honest_E_mean": 0.853101144169373,
  "honest_E_std": 0.08097718793974347,
  "honest_D_mean": 0.5,
  "honest_D_std": 0.0,
  "honest_S_mean": 0.6880626372384776,
  "honest_S_std": 0.04631394747793005,
  "honest_g_S_mean": 1.0004605142545622,
  "honest_g_S_std": 0.010565120953078743,
  "honest_balance_mean": 35.76951088676541,
  "honest_balance_std": 37.567091282697305,
  "honest_F_rate": 0.0020100502512562816,
  "attacker_T_mean": 0.3033408830059524,
  "attacker_T_std": 0.07336546853653837,
  "attacker_E_mean": 0.9808961367578348,
  "attacker_E_std": 0.01001556708897704,
  "attacker_D_mean": 0.5,
  "attacker_D_std": 0.0,
  "attacker_S_mean": 0.5444494429471044,
  "attacker_S_std": 0.03888347434595769,
  "attacker_g_S_mean": 1.0,
  "attacker_g_S_std": 0.0,
  "attacker_balance_mean": 2582.3655058175564,
  "attacker_balance_std": 645.5265679878488,
  "attacker_F_rate": 0.0,
  "test_id": "DOE_r13_DOE_C5",
  "scenario": "C",
  "scenario_name": "Loop attack k=5",
  "network_size": 1000,
  "params": {
    "kappa": 2.5,
    "theta": 0.35,
    "beta": 2.0,
    "bloom_interval": 14,
    "deterministic_ratio": 0.75,
    "grace_period": 30,
    "community_cycle": 30,
    "use_network_distance": false
  }
}