{
  "sybil_roi": 0.6656124511605552,
  "sybil_roi_threshold": 0.1,
  "sybil_roi_pass": false,
  "honest_avg_balance": 39.286417705253974,
  "attacker_avg_balance": 26.149528786111535,
  "honest_total_balance": 38893.55352820143,
  "attacker_total_balance": 261.49528786111534,
  "attacker_count": 10,
  "tpr": 1.0,
  "fpr": 0.9949494949494949,
  "tpr_pass": true,
  "fpr_pass": false,
  "gini": 0.8047247391765833,
  "gini_pass": false,
  "gini_warning": true,
  "balance_mean": 39.23351584775806,
  "balance_median": 6.749835808490488,
  "balance_std": 112.93159110931005,
  "vrf_fairness": 0.7401304347826088,
  "bloom_events": 23,
  "bloom_total_distributed": 4400.0,
  "bloom_unique_winners": 18,
  "bloom_max_wins": 6,
  "stabilization_median_days": 0.0,
  "stabilization_p25_days": 0.0,
  "stabilization_p75_days": 0.0,
  "stabilization_pass": true,
  "pct_reached_theta": 1.0,
  "community_stability": 0.9909502262443439,
  "community_stability_pass": true,
  "num_communities": 884,
  "community_detections": 5,
  "honest_T_mean": 0.07495453547080545,
  "honest_T_std": 0.22851595081328738,
  "honest_E_mean": 0.4939297877674612,
  "honest_E_std": 0.08287440951785018,
  "honest_D_mean": 0.5,
  "honest_D_std": 0.0,
  "honest_S_mean": 0.30112945237252137,
  "honest_S_std": 0.049844457587006064,
  "honest_g_S_mean": 1.1498213144407916,
  "honest_g_S_std": 0.021770270739094356,
  "honest_balance_mean": 39.286417705253974,
  "honest_balance_std": 113.37344963143605,
  "honest_F_rate": 0.9949494949494949,
  "attacker_T_mean": 0.09467236548651979,
  "attacker_T_std": 0.1974471666594099,
  "attacker_E_mean": 0.4678103593552776,
  "attacker_E_std": 0.1017925814996538,
  "attacker_D_mean": 0.5,
  "attacker_D_std": 0.0,
  "attacker_S_mean": 0.27492061693538106,
  "attacker_S_std": 0.03842569254923066,
  "attacker_g_S_mean": 1.1625396915323094,
  "attacker_g_S_std": 0.019212846274615315,
  "attacker_balance_mean": 26.149528786111535,
  "attacker_balance_std": 43.78088146810504,
  "attacker_F_rate": 1.0,
  "test_id": "DOE_r06_DOE_A10",
  "scenario": "A",
  "scenario_name": "Simple Sybil k=10",
  "network_size": 1000,
  "params": {
    "kappa": 0.5,
    "theta": 0.6,
    "beta": 2.0,
    "bloom_interval": 7,
    "deterministic_ratio": 0.75,
    "grace_period": 30,
    "community_cycle": 30,
    "use_network_distance": false
  }
}