{
  "sybil_roi": 70.10735470493451,
  "sybil_roi_threshold": 0.2,
  "sybil_roi_pass": false,
  "honest_avg_balance": 36.00888515126046,
  "attacker_avg_balance": 2524.4876838286664,
  "honest_total_balance": 35828.84072550415,
  "attacker_total_balance": 12622.438419143331,
  "attacker_count": 5,
  "tpr": 0.6,
  "fpr": 0.035175879396984924,
  "tpr_pass": false,
  "fpr_pass": false,
  "gini": 0.6249112979308249,
  "gini_pass": false,
  "gini_warning": true,
  "balance_mean": 48.451279144647486,
  "balance_median": 24.45203175306481,
  "balance_std": 181.6851263409322,
  "vrf_fairness": 0.9176666666666666,
  "bloom_events": 12,
  "bloom_total_distributed": 4225.0,
  "bloom_unique_winners": 12,
  "bloom_max_wins": 1,
  "stabilization_median_days": 0.0,
  "stabilization_p25_days": 0.0,
  "stabilization_p75_days": 0.0,
  "stabilization_pass": true,
  "pct_reached_theta": 1.0,
  "community_stability": 0.967741935483871,
  "community_stability_pass": true,
  "num_communities": 31,
  "community_detections": 5,
  "honest_T_mean": 0.7980624469389557,
  "honest_T_std": 0.10339590966817422,
  "honest_E_mean": 0.8544979606278106,
  "honest_E_std": 0.07273581403897511,
  "honest_D_mean": 0.5,
  "honest_D_std": 0.0,
  "honest_S_mean": 0.6890884273071586,
  "honest_S_std": 0.04369220098375916,
  "honest_g_S_mean": 1.0008725372248573,
  "honest_g_S_std": 0.008414579774208182,
  "honest_balance_mean": 36.00888515126046,
  "honest_balance_std": 36.256169777659096,
  "honest_F_rate": 0.035175879396984924,
  "attacker_T_mean": 0.3033408830059524,
  "attacker_T_std": 0.07336546853653837,
  "attacker_E_mean": 0.9808961367578348,
  "attacker_E_std": 0.01001556708897704,
  "attacker_D_mean": 0.5,
  "attacker_D_std": 0.0,
  "attacker_S_mean": 0.5885384894332826,
  "attacker_S_std": 0.04203222457463519,
  "attacker_g_S_mean": 1.0117040262703714,
  "attacker_g_S_std": 0.013708486322814642,
  "attacker_balance_mean": 2524.4876838286664,
  "attacker_balance_std": 473.03325903356506,
  "attacker_F_rate": 0.6,
  "test_id": "DOE_r14_DOE_C5",
  "scenario": "C",
  "scenario_name": "Loop attack k=5",
  "network_size": 1000,
  "params": {
    "kappa": 0.5,
    "theta": 0.6,
    "beta": 2.0,
    "bloom_interval": 14,
    "deterministic_ratio": 0.75,
    "grace_period": 30,
    "community_cycle": 30,
    "use_network_distance": false
  }
}