{
  "sybil_roi": 72.65447777840554,
  "sybil_roi_threshold": 0.2,
  "sybil_roi_pass": false,
  "honest_avg_balance": 35.701375608989906,
  "attacker_avg_balance": 2593.8648008418663,
  "honest_total_balance": 35522.86873094496,
  "attacker_total_balance": 12969.324004209331,
  "attacker_count": 5,
  "tpr": 0.0,
  "fpr": 0.0010050251256281408,
  "tpr_pass": false,
  "fpr_pass": true,
  "gini": 0.6274610901314015,
  "gini_pass": false,
  "gini_warning": true,
  "balance_mean": 48.49219273515429,
  "balance_median": 24.16453630525561,
  "balance_std": 187.59358532127354,
  "vrf_fairness": 0.9176666666666666,
  "bloom_events": 12,
  "bloom_total_distributed": 4225.0,
  "bloom_unique_winners": 12,
  "bloom_max_wins": 1,
  "stabilization_median_days": 0.0,
  "stabilization_p25_days": 0.0,
  "stabilization_p75_days": 0.0,
  "stabilization_pass": true,
  "pct_reached_theta": 1.0,
  "community_stability": 1.0,
  "community_stability_pass": true,
  "num_communities": 27,
  "community_detections": 5,
  "honest_T_mean": 0.7970852434026299,
  "honest_T_std": 0.10320685318029175,
  "honest_E_mean": 0.854819049749696,
  "honest_E_std": 0.07500180753197283,
  "honest_D_mean": 0.5,
  "honest_D_std": 0.0,
  "honest_S_mean": 0.7102155663654351,
  "honest_S_std": 0.04960349771411235,
  "honest_g_S_mean": 1.0002354866252334,
  "honest_g_S_std": 0.007428100760659872,
  "honest_balance_mean": 35.701375608989906,
  "honest_balance_std": 35.71492696795441,
  "honest_F_rate": 0.0010050251256281408,
  "attacker_T_mean": 0.3033408830059524,
  "attacker_T_std": 0.07336546853653837,
  "attacker_E_mean": 0.9808961367578348,
  "attacker_E_std": 0.01001556708897704,
  "attacker_D_mean": 0.5,
  "attacker_D_std": 0.0,
  "attacker_S_mean": 0.6333187452647091,
  "attacker_S_std": 0.02958690132743166,
  "attacker_g_S_mean": 1.0,
  "attacker_g_S_std": 0.0,
  "attacker_balance_mean": 2593.864800841867,
  "attacker_balance_std": 584.3917849295394,
  "attacker_F_rate": 0.0,
  "test_id": "DOE_r09_DOE_C5",
  "scenario": "C",
  "scenario_name": "Loop attack k=5",
  "network_size": 1000,
  "params": {
    "kappa": 2.5,
    "theta": 0.35,
    "beta": 0.5,
    "bloom_interval": 14,
    "deterministic_ratio": 0.75,
    "grace_period": 30,
    "community_cycle": 30,
    "use_network_distance": false
  }
}