{
  "sybil_roi": 0.8149832406927264,
  "sybil_roi_threshold": 0.1,
  "sybil_roi_pass": false,
  "honest_avg_balance": 28.371818027759776,
  "attacker_avg_balance": 23.12255620060798,
  "honest_total_balance": 28088.09984748218,
  "attacker_total_balance": 231.22556200607983,
  "attacker_count": 10,
  "tpr": 1.0,
  "fpr": 0.9919191919191919,
  "tpr_pass": true,
  "fpr_pass": false,
  "gini": 0.8050509942709028,
  "gini_pass": false,
  "gini_warning": true,
  "balance_mean": 28.376077564617493,
  "balance_median": 4.917899579854302,
  "balance_std": 79.51468355729966,
  "vrf_fairness": 0.881,
  "bloom_events": 25,
  "bloom_total_distributed": 4400.0,
  "bloom_unique_winners": 17,
  "bloom_max_wins": 3,
  "stabilization_median_days": 0.0,
  "stabilization_p25_days": 0.0,
  "stabilization_p75_days": 0.0,
  "stabilization_pass": true,
  "pct_reached_theta": 1.0,
  "community_stability": 0.9774346793349169,
  "community_stability_pass": true,
  "num_communities": 842,
  "community_detections": 5,
  "honest_T_mean": 0.07082194176930562,
  "honest_T_std": 0.2207176170057657,
  "honest_E_mean": 0.49060824574572104,
  "honest_E_std": 0.09359992846560226,
  "honest_D_mean": 0.5,
  "honest_D_std": 0.0,
  "honest_S_mean": 0.34209328470392836,
  "honest_S_std": 0.04517495062975054,
  "honest_g_S_mean": 1.6460417566556904,
  "honest_g_S_std": 0.1033744887587804,
  "honest_balance_mean": 28.371818027759776,
  "honest_balance_std": 79.82957250214841,
  "honest_F_rate": 0.9919191919191919,
  "attacker_T_mean": 0.14163515275985236,
  "attacker_T_std": 0.28525319313818126,
  "attacker_E_mean": 0.49999999999974803,
  "attacker_E_std": 7.968889814709191e-13,
  "attacker_D_mean": 0.5,
  "attacker_D_std": 0.0,
  "attacker_S_mean": 0.3388373026949351,
  "attacker_S_std": 0.0773856927758859,
  "attacker_g_S_mean": 1.6529067432626618,
  "attacker_g_S_std": 0.1934642319397148,
  "attacker_balance_mean": 23.12255620060798,
  "attacker_balance_std": 30.936931131286702,
  "attacker_F_rate": 1.0,
  "test_id": "DOE_r03_DOE_A10",
  "scenario": "A",
  "scenario_name": "Simple Sybil k=10",
  "network_size": 1000,
  "params": {
    "kappa": 2.5,
    "theta": 0.6,
    "beta": 0.5,
    "bloom_interval": 7,
    "deterministic_ratio": 0.75,
    "grace_period": 30,
    "community_cycle": 30,
    "use_network_distance": false
  }
}