{
  "sybil_roi": 68.24911846738692,
  "sybil_roi_threshold": 0.2,
  "sybil_roi_pass": false,
  "honest_avg_balance": 36.21690125101836,
  "attacker_avg_balance": 2471.7715840024057,
  "honest_total_balance": 36035.81674476327,
  "attacker_total_balance": 12358.85792001203,
  "attacker_count": 5,
  "tpr": 0.6,
  "fpr": 0.03015075376884422,
  "tpr_pass": false,
  "fpr_pass": false,
  "gini": 0.6227738985392925,
  "gini_pass": false,
  "gini_warning": true,
  "balance_mean": 48.3946746647753,
  "balance_median": 25.96573808539032,
  "balance_std": 179.4691992265401,
  "vrf_fairness": 0.961,
  "bloom_events": 25,
  "bloom_total_distributed": 4400.0,
  "bloom_unique_winners": 25,
  "bloom_max_wins": 1,
  "stabilization_median_days": 0.0,
  "stabilization_p25_days": 0.0,
  "stabilization_p75_days": 0.0,
  "stabilization_pass": true,
  "pct_reached_theta": 1.0,
  "community_stability": 1.0,
  "community_stability_pass": true,
  "num_communities": 28,
  "community_detections": 5,
  "honest_T_mean": 0.8006528936150076,
  "honest_T_std": 0.10370954489921429,
  "honest_E_mean": 0.8590314710072253,
  "honest_E_std": 0.07013592103915778,
  "honest_D_mean": 0.5,
  "honest_D_std": 0.0,
  "honest_S_mean": 0.6908053174630495,
  "honest_S_std": 0.04204513084534146,
  "honest_g_S_mean": 1.0035641549553995,
  "honest_g_S_std": 0.035840483168255964,
  "honest_balance_mean": 36.21690125101836,
  "honest_balance_std": 37.28011755983202,
  "honest_F_rate": 0.03015075376884422,
  "attacker_T_mean": 0.3033408830059524,
  "attacker_T_std": 0.07336546853653837,
  "attacker_E_mean": 0.9808961367578348,
  "attacker_E_std": 0.01001556708897704,
  "attacker_D_mean": 0.5,
  "attacker_D_std": 0.0,
  "attacker_S_mean": 0.5909057792806847,
  "attacker_S_std": 0.04220129161151677,
  "attacker_g_S_mean": 1.0551354304603966,
  "attacker_g_S_std": 0.06627485073812052,
  "attacker_balance_mean": 2471.7715840024057,
  "attacker_balance_std": 573.6702560461123,
  "attacker_F_rate": 0.6,
  "test_id": "DOE_r07_DOE_C5",
  "scenario": "C",
  "scenario_name": "Loop attack k=5",
  "network_size": 1000,
  "params": {
    "kappa": 2.5,
    "theta": 0.6,
    "beta": 2.0,
    "bloom_interval": 7,
    "deterministic_ratio": 0.75,
    "grace_period": 30,
    "community_cycle": 30,
    "use_network_distance": false
  }
}