{
  "sybil_roi": 0.5588563765309211,
  "sybil_roi_threshold": 0.1,
  "sybil_roi_pass": false,
  "honest_avg_balance": 44.197121874165425,
  "attacker_avg_balance": 24.699843383691604,
  "honest_total_balance": 43755.15065542377,
  "attacker_total_balance": 246.99843383691604,
  "attacker_count": 10,
  "tpr": 0.8,
  "fpr": 0.9,
  "tpr_pass": false,
  "fpr_pass": false,
  "gini": 0.7883551704263239,
  "gini_pass": false,
  "gini_warning": true,
  "balance_mean": 44.00214908926069,
  "balance_median": 8.32306904701413,
  "balance_std": 118.4970091980409,
  "vrf_fairness": 0.9176666666666666,
  "bloom_events": 12,
  "bloom_total_distributed": 4225.0,
  "bloom_unique_winners": 12,
  "bloom_max_wins": 1,
  "stabilization_median_days": 0.0,
  "stabilization_p25_days": 0.0,
  "stabilization_p75_days": 0.0,
  "stabilization_pass": true,
  "pct_reached_theta": 1.0,
  "community_stability": 0.9683143219264893,
  "community_stability_pass": true,
  "num_communities": 789,
  "community_detections": 5,
  "honest_T_mean": 0.11830982789910649,
  "honest_T_std": 0.2696164087628343,
  "honest_E_mean": 0.480946779698341,
  "honest_E_std": 0.10996206026181025,
  "honest_D_mean": 0.5,
  "honest_D_std": 0.0,
  "honest_S_mean": 0.3138810370176416,
  "honest_S_std": 0.06062080935441743,
  "honest_g_S_mean": 1.022978526047856,
  "honest_g_S_std": 0.017564156389005377,
  "honest_balance_mean": 44.197121874165425,
  "honest_balance_std": 119.04330972732335,
  "honest_F_rate": 0.9,
  "attacker_T_mean": 0.18737114981998015,
  "attacker_T_std": 0.2821928383277853,
  "attacker_E_mean": 0.45791268396128454,
  "attacker_E_std": 0.17442090411895747,
  "attacker_D_mean": 0.5,
  "attacker_D_std": 0.0,
  "attacker_S_mean": 0.3121571552062862,
  "attacker_S_std": 0.09965436309797059,
  "attacker_g_S_mean": 1.031118329821005,
  "attacker_g_S_std": 0.02988172841388405,
  "attacker_balance_mean": 24.699843383691608,
  "attacker_balance_std": 49.835929972308236,
  "attacker_F_rate": 0.8,
  "test_id": "DOE_r12_DOE_A10",
  "scenario": "A",
  "scenario_name": "Simple Sybil k=10",
  "network_size": 1000,
  "params": {
    "kappa": 0.5,
    "theta": 0.35,
    "beta": 2.0,
    "bloom_interval": 14,
    "deterministic_ratio": 0.75,
    "grace_period": 30,
    "community_cycle": 30,
    "use_network_distance": false
  }
}