{
  "sybil_roi": 70.88081239715207,
  "sybil_roi_threshold": 0.2,
  "sybil_roi_pass": false,
  "honest_avg_balance": 36.10136046497771,
  "attacker_avg_balance": 2558.893758400048,
  "honest_total_balance": 35920.85366265282,
  "attacker_total_balance": 12794.468792000238,
  "attacker_count": 5,
  "tpr": 0.0,
  "fpr": 0.0,
  "tpr_pass": false,
  "fpr_pass": true,
  "gini": 0.6293399577861445,
  "gini_pass": false,
  "gini_warning": true,
  "balance_mean": 48.715322454653055,
  "balance_median": 24.899674384675585,
  "balance_std": 188.67546220909853,
  "vrf_fairness": 0.921,
  "bloom_events": 25,
  "bloom_total_distributed": 4400.0,
  "bloom_unique_winners": 24,
  "bloom_max_wins": 2,
  "stabilization_median_days": 0.0,
  "stabilization_p25_days": 0.0,
  "stabilization_p75_days": 0.0,
  "stabilization_pass": true,
  "pct_reached_theta": 1.0,
  "community_stability": 0.967741935483871,
  "community_stability_pass": true,
  "num_communities": 30,
  "community_detections": 5,
  "honest_T_mean": 0.8004704730232319,
  "honest_T_std": 0.0991301632833311,
  "honest_E_mean": 0.8578771446532828,
  "honest_E_std": 0.06480010791002958,
  "honest_D_mean": 0.5,
  "honest_D_std": 0.0,
  "honest_S_mean": 0.712240310533591,
  "honest_S_std": 0.04345317027470359,
  "honest_g_S_mean": 1.0,
  "honest_g_S_std": 0.0,
  "honest_balance_mean": 36.10136046497771,
  "honest_balance_std": 36.53787829894712,
  "honest_F_rate": 0.0,
  "attacker_T_mean": 0.3033408830059524,
  "attacker_T_std": 0.07336546853653837,
  "attacker_E_mean": 0.9808961367578348,
  "attacker_E_std": 0.01001556708897704,
  "attacker_D_mean": 0.5,
  "attacker_D_std": 0.0,
  "attacker_S_mean": 0.635355653372002,
  "attacker_S_std": 0.02968206004432441,
  "attacker_g_S_mean": 1.0,
  "attacker_g_S_std": 0.0,
  "attacker_balance_mean": 2558.893758400048,
  "attacker_balance_std": 807.4850169219703,
  "attacker_F_rate": 0.0,
  "test_id": "DOE_r00_DOE_C5",
  "scenario": "C",
  "scenario_name": "Loop attack k=5",
  "network_size": 1000,
  "params": {
    "kappa": 0.5,
    "theta": 0.35,
    "beta": 0.5,
    "bloom_interval": 7,
    "deterministic_ratio": 0.75,
    "grace_period": 30,
    "community_cycle": 30,
    "use_network_distance": false
  }
}