{
  "sybil_roi": 0.7028742115286667,
  "sybil_roi_threshold": 0.1,
  "sybil_roi_pass": false,
  "honest_avg_balance": 43.65871454671693,
  "attacker_avg_balance": 30.686584563378794,
  "honest_total_balance": 43222.12740124976,
  "attacker_total_balance": 306.86584563378796,
  "attacker_count": 10,
  "tpr": 0.8,
  "fpr": 0.8747474747474747,
  "tpr_pass": false,
  "fpr_pass": false,
  "gini": 0.7305460327900599,
  "gini_pass": false,
  "gini_warning": true,
  "balance_mean": 43.528993246883545,
  "balance_median": 12.295616792692392,
  "balance_std": 102.02197962877187,
  "vrf_fairness": 0.921,
  "bloom_events": 25,
  "bloom_total_distributed": 4400.0,
  "bloom_unique_winners": 24,
  "bloom_max_wins": 2,
  "stabilization_median_days": 0.0,
  "stabilization_p25_days": 0.0,
  "stabilization_p75_days": 0.0,
  "stabilization_pass": true,
  "pct_reached_theta": 1.0,
  "community_stability": 0.9819587628865979,
  "community_stability_pass": true,
  "num_communities": 776,
  "community_detections": 5,
  "honest_T_mean": 0.11491041773652774,
  "honest_T_std": 0.26203858358272997,
  "honest_E_mean": 0.474103920273344,
  "honest_E_std": 0.12033601095953163,
  "honest_D_mean": 0.5,
  "honest_D_std": 0.0,
  "honest_S_mean": 0.3514760808061508,
  "honest_S_std": 0.05831866271470358,
  "honest_g_S_mean": 1.0299158148317027,
  "honest_g_S_std": 0.07004004402959695,
  "honest_balance_mean": 43.65871454671693,
  "honest_balance_std": 102.47073522976845,
  "honest_F_rate": 0.8747474747474747,
  "attacker_T_mean": 0.19920217153783296,
  "attacker_T_std": 0.26608349190090386,
  "attacker_E_mean": 0.3624589817275402,
  "attacker_E_std": 0.20631474678676082,
  "attacker_D_mean": 0.5,
  "attacker_D_std": 0.0,
  "attacker_S_mean": 0.31345446662181076,
  "attacker_S_std": 0.08291632175986442,
  "attacker_g_S_mean": 1.11770886187981,
  "attacker_g_S_std": 0.1749983852025204,
  "attacker_balance_mean": 30.686584563378794,
  "attacker_balance_std": 49.51944877255514,
  "attacker_F_rate": 0.8,
  "test_id": "DOE_r01_DOE_A10",
  "scenario": "A",
  "scenario_name": "Simple Sybil k=10",
  "network_size": 1000,
  "params": {
    "kappa": 2.5,
    "theta": 0.35,
    "beta": 0.5,
    "bloom_interval": 7,
    "deterministic_ratio": 0.75,
    "grace_period": 30,
    "community_cycle": 30,
    "use_network_distance": false
  }
}