{
  "sybil_roi": 71.46708459204412,
  "sybil_roi_threshold": 0.2,
  "sybil_roi_pass": false,
  "honest_avg_balance": 35.90455947787355,
  "attacker_avg_balance": 2565.994189445268,
  "honest_total_balance": 35725.03668048418,
  "attacker_total_balance": 12829.97094722634,
  "attacker_count": 5,
  "tpr": 0.0,
  "fpr": 0.0010050251256281408,
  "tpr_pass": false,
  "fpr_pass": true,
  "gini": 0.6349983449308656,
  "gini_pass": false,
  "gini_warning": true,
  "balance_mean": 48.55500762771052,
  "balance_median": 23.514930614249465,
  "balance_std": 186.5895479601362,
  "vrf_fairness": 0.9176666666666666,
  "bloom_events": 12,
  "bloom_total_distributed": 4225.0,
  "bloom_unique_winners": 12,
  "bloom_max_wins": 1,
  "stabilization_median_days": 0.0,
  "stabilization_p25_days": 0.0,
  "stabilization_p75_days": 0.0,
  "stabilization_pass": true,
  "pct_reached_theta": 1.0,
  "community_stability": 0.9655172413793104,
  "community_stability_pass": true,
  "num_communities": 28,
  "community_detections": 5,
  "honest_T_mean": 0.7961469193336581,
  "honest_T_std": 0.10724681371505289,
  "honest_E_mean": 0.8553726275305005,
  "honest_E_std": 0.07488467092999446,
  "honest_D_mean": 0.5,
  "honest_D_std": 0.0,
  "honest_S_mean": 0.7099685297894938,
  "honest_S_std": 0.049120781794904055,
  "honest_g_S_mean": 1.000002366136401,
  "honest_g_S_std": 7.463650890051279e-05,
  "honest_balance_mean": 35.90455947787355,
  "honest_balance_std": 37.59027976440588,
  "honest_F_rate": 0.0010050251256281408,
  "attacker_T_mean": 0.3033408830059524,
  "attacker_T_std": 0.07336546853653837,
  "attacker_E_mean": 0.9808961367578348,
  "attacker_E_std": 0.01001556708897704,
  "attacker_D_mean": 0.5,
  "attacker_D_std": 0.0,
  "attacker_S_mean": 0.6337617321248367,
  "attacker_S_std": 0.029607596449150272,
  "attacker_g_S_mean": 1.0,
  "attacker_g_S_std": 0.0,
  "attacker_balance_mean": 2565.9941894452686,
  "attacker_balance_std": 625.3748096236428,
  "attacker_F_rate": 0.0,
  "test_id": "DOE_r08_DOE_C5",
  "scenario": "C",
  "scenario_name": "Loop attack k=5",
  "network_size": 1000,
  "params": {
    "kappa": 0.5,
    "theta": 0.35,
    "beta": 0.5,
    "bloom_interval": 14,
    "deterministic_ratio": 0.75,
    "grace_period": 30,
    "community_cycle": 30,
    "use_network_distance": false
  }
}