{
  "sybil_roi": 73.73981862109022,
  "sybil_roi_threshold": 0.2,
  "sybil_roi_pass": false,
  "honest_avg_balance": 35.669374969178605,
  "attacker_avg_balance": 2630.253240554886,
  "honest_total_balance": 35491.02809433271,
  "attacker_total_balance": 13151.26620277443,
  "attacker_count": 5,
  "tpr": 0.0,
  "fpr": 0.003015075376884422,
  "tpr_pass": false,
  "fpr_pass": true,
  "gini": 0.6313783278804717,
  "gini_pass": false,
  "gini_warning": true,
  "balance_mean": 48.64229429710714,
  "balance_median": 24.93563048564743,
  "balance_std": 189.40394618110503,
  "vrf_fairness": 0.961,
  "bloom_events": 25,
  "bloom_total_distributed": 4400.0,
  "bloom_unique_winners": 25,
  "bloom_max_wins": 1,
  "stabilization_median_days": 0.0,
  "stabilization_p25_days": 0.0,
  "stabilization_p75_days": 0.0,
  "stabilization_pass": true,
  "pct_reached_theta": 1.0,
  "community_stability": 0.9642857142857143,
  "community_stability_pass": true,
  "num_communities": 27,
  "community_detections": 5,
  "honest_T_mean": 0.7937238864277291,
  "honest_T_std": 0.10818864250347804,
  "honest_E_mean": 0.8515491527480393,
  "honest_E_std": 0.0848519204638087,
  "honest_D_mean": 0.5,
  "honest_D_std": 0.0,
  "honest_S_mean": 0.7079687840345299,
  "honest_S_std": 0.053202564737837285,
  "honest_g_S_mean": 1.0003341927834262,
  "honest_g_S_std": 0.008167243247369848,
  "honest_balance_mean": 35.669374969178605,
  "honest_balance_std": 35.78887295404342,
  "honest_F_rate": 0.003015075376884422,
  "attacker_T_mean": 0.3033408830059524,
  "attacker_T_std": 0.07336546853653837,
  "attacker_E_mean": 0.9808961367578348,
  "attacker_E_std": 0.01001556708897704,
  "attacker_D_mean": 0.5,
  "attacker_D_std": 0.0,
  "attacker_S_mean": 0.6357396258907786,
  "attacker_S_std": 0.029699998179126864,
  "attacker_g_S_mean": 1.0,
  "attacker_g_S_std": 0.0,
  "attacker_balance_mean": 2630.2532405548864,
  "attacker_balance_std": 526.7034080767766,
  "attacker_F_rate": 0.0,
  "test_id": "DOE_r01_DOE_C5",
  "scenario": "C",
  "scenario_name": "Loop attack k=5",
  "network_size": 1000,
  "params": {
    "kappa": 2.5,
    "theta": 0.35,
    "beta": 0.5,
    "bloom_interval": 7,
    "deterministic_ratio": 0.75,
    "grace_period": 30,
    "community_cycle": 30,
    "use_network_distance": false
  }
}