{
  "sybil_roi": 71.24694555243343,
  "sybil_roi_threshold": 0.2,
  "sybil_roi_pass": false,
  "honest_avg_balance": 35.86665015903726,
  "attacker_avg_balance": 2555.3892710291057,
  "honest_total_balance": 35687.31690824208,
  "attacker_total_balance": 12776.946355145528,
  "attacker_count": 5,
  "tpr": 0.6,
  "fpr": 0.044221105527638194,
  "tpr_pass": false,
  "fpr_pass": false,
  "gini": 0.6280278075463284,
  "gini_pass": false,
  "gini_warning": true,
  "balance_mean": 48.46426326338761,
  "balance_median": 24.851680640585357,
  "balance_std": 184.46455528328562,
  "vrf_fairness": 0.961,
  "bloom_events": 25,
  "bloom_total_distributed": 4400.0,
  "bloom_unique_winners": 25,
  "bloom_max_wins": 1,
  "stabilization_median_days": 0.0,
  "stabilization_p25_days": 0.0,
  "stabilization_p75_days": 0.0,
  "stabilization_pass": true,
  "pct_reached_theta": 1.0,
  "community_stability": 0.9032258064516129,
  "community_stability_pass": false,
  "num_communities": 28,
  "community_detections": 5,
  "honest_T_mean": 0.795633148078703,
  "honest_T_std": 0.10556771817025028,
  "honest_E_mean": 0.8553110122055245,
  "honest_E_std": 0.07574435523805888,
  "honest_D_mean": 0.5,
  "honest_D_std": 0.0,
  "honest_S_mean": 0.6883553300360354,
  "honest_S_std": 0.04440247083310952,
  "honest_g_S_mean": 1.0007510280150818,
  "honest_g_S_std": 0.007879166977885262,
  "honest_balance_mean": 35.86665015903726,
  "honest_balance_std": 36.07070619510128,
  "honest_F_rate": 0.044221105527638194,
  "attacker_T_mean": 0.3033408830059524,
  "attacker_T_std": 0.07336546853653837,
  "attacker_E_mean": 0.9808961367578348,
  "attacker_E_std": 0.01001556708897704,
  "attacker_D_mean": 0.5,
  "attacker_D_std": 0.0,
  "attacker_S_mean": 0.5878969239795258,
  "attacker_S_std": 0.041986405271877913,
  "attacker_g_S_mean": 1.0118874856102278,
  "attacker_g_S_std": 0.013833603640386834,
  "attacker_balance_mean": 2555.389271029105,
  "attacker_balance_std": 536.7987416310044,
  "attacker_F_rate": 0.6,
  "test_id": "DOE_r06_DOE_C5",
  "scenario": "C",
  "scenario_name": "Loop attack k=5",
  "network_size": 1000,
  "params": {
    "kappa": 0.5,
    "theta": 0.6,
    "beta": 2.0,
    "bloom_interval": 7,
    "deterministic_ratio": 0.75,
    "grace_period": 30,
    "community_cycle": 30,
    "use_network_distance": false
  }
}