{
  "sybil_roi": 0.7132986075246505,
  "sybil_roi_threshold": 0.1,
  "sybil_roi_pass": false,
  "honest_avg_balance": 28.38333451502784,
  "attacker_avg_balance": 20.24579298647571,
  "honest_total_balance": 28099.501169877563,
  "attacker_total_balance": 202.4579298647571,
  "attacker_count": 10,
  "tpr": 1.0,
  "fpr": 0.9848484848484849,
  "tpr_pass": true,
  "fpr_pass": false,
  "gini": 0.8018564312101251,
  "gini_pass": false,
  "gini_warning": true,
  "balance_mean": 28.358676452647614,
  "balance_median": 4.958846529702958,
  "balance_std": 82.0079446353292,
  "vrf_fairness": 0.9176666666666666,
  "bloom_events": 12,
  "bloom_total_distributed": 4225.0,
  "bloom_unique_winners": 12,
  "bloom_max_wins": 1,
  "stabilization_median_days": 0.0,
  "stabilization_p25_days": 0.0,
  "stabilization_p75_days": 0.0,
  "stabilization_pass": true,
  "pct_reached_theta": 1.0,
  "community_stability": 0.9894859813084113,
  "community_stability_pass": true,
  "num_communities": 856,
  "community_detections": 5,
  "honest_T_mean": 0.07858633055926287,
  "honest_T_std": 0.22739135078003322,
  "honest_E_mean": 0.49081426904778475,
  "honest_E_std": 0.0944805626005422,
  "honest_D_mean": 0.5,
  "honest_D_std": 0.0,
  "honest_S_mean": 0.3445188322129144,
  "honest_S_std": 0.05489483064123391,
  "honest_g_S_mean": 1.641819577283279,
  "honest_g_S_std": 0.11772306316628549,
  "honest_balance_mean": 28.38333451502784,
  "honest_balance_std": 82.33572799828018,
  "honest_F_rate": 0.9848484848484849,
  "attacker_T_mean": 0.11098525748889246,
  "attacker_T_std": 0.22723452704154928,
  "attacker_E_mean": 0.45,
  "attacker_E_std": 0.15811388300841897,
  "attacker_D_mean": 0.5,
  "attacker_D_std": 0.0,
  "attacker_S_mean": 0.32424851505773866,
  "attacker_S_std": 0.05079973103666719,
  "attacker_g_S_mean": 1.6893787123556532,
  "attacker_g_S_std": 0.1269993275916679,
  "attacker_balance_mean": 20.245792986475703,
  "attacker_balance_std": 30.18609656408711,
  "attacker_F_rate": 1.0,
  "test_id": "DOE_r11_DOE_A10",
  "scenario": "A",
  "scenario_name": "Simple Sybil k=10",
  "network_size": 1000,
  "params": {
    "kappa": 2.5,
    "theta": 0.6,
    "beta": 0.5,
    "bloom_interval": 14,
    "deterministic_ratio": 0.75,
    "grace_period": 30,
    "community_cycle": 30,
    "use_network_distance": false
  }
}