{
  "sybil_roi": 0.6986362236310306,
  "sybil_roi_threshold": 0.1,
  "sybil_roi_pass": false,
  "honest_avg_balance": 37.450440964764695,
  "attacker_avg_balance": 26.164234648940056,
  "honest_total_balance": 37075.93655511705,
  "attacker_total_balance": 261.64234648940055,
  "attacker_count": 10,
  "tpr": 1.0,
  "fpr": 1.0,
  "tpr_pass": true,
  "fpr_pass": false,
  "gini": 0.8136005337678043,
  "gini_pass": false,
  "gini_warning": true,
  "balance_mean": 37.4124037090245,
  "balance_median": 6.565566881783883,
  "balance_std": 144.5203352263613,
  "vrf_fairness": 0.601,
  "bloom_events": 10,
  "bloom_total_distributed": 3525.0,
  "bloom_unique_winners": 6,
  "bloom_max_wins": 4,
  "stabilization_median_days": 0.0,
  "stabilization_p25_days": 0.0,
  "stabilization_p75_days": 0.0,
  "stabilization_pass": true,
  "pct_reached_theta": 1.0,
  "community_stability": 0.928495197438634,
  "community_stability_pass": false,
  "num_communities": 937,
  "community_detections": 5,
  "honest_T_mean": 0.041010281870771124,
  "honest_T_std": 0.17854927978161614,
  "honest_E_mean": 0.4967749081592658,
  "honest_E_std": 0.055291486694138574,
  "honest_D_mean": 0.5,
  "honest_D_std": 0.0,
  "honest_S_mean": 0.2887442074808685,
  "honest_S_std": 0.023492599044507633,
  "honest_g_S_mean": 1.1556278962595659,
  "honest_g_S_std": 0.011746299522253815,
  "honest_balance_mean": 37.450440964764695,
  "honest_balance_std": 145.12357983297036,
  "honest_F_rate": 1.0,
  "attacker_T_mean": 0.02027709017303978,
  "attacker_T_std": 0.05692748908216275,
  "attacker_E_mean": 0.5,
  "attacker_E_std": 0.0,
  "attacker_D_mean": 0.5,
  "attacker_D_std": 0.0,
  "attacker_S_mean": 0.2739684800102732,
  "attacker_S_std": 0.033846845505052514,
  "attacker_g_S_mean": 1.1630157599948632,
  "attacker_g_S_std": 0.01692342275252628,
  "attacker_balance_mean": 26.164234648940056,
  "attacker_balance_std": 43.0809753582648,
  "attacker_F_rate": 1.0,
  "test_id": "DOE_r14_DOE_A10",
  "scenario": "A",
  "scenario_name": "Simple Sybil k=10",
  "network_size": 1000,
  "params": {
    "kappa": 0.5,
    "theta": 0.6,
    "beta": 2.0,
    "bloom_interval": 14,
    "deterministic_ratio": 0.75,
    "grace_period": 30,
    "community_cycle": 30,
    "use_network_distance": false
  }
}