{
  "sybil_roi": 67.23718503709792,
  "sybil_roi_threshold": 0.2,
  "sybil_roi_pass": false,
  "honest_avg_balance": 36.53541910202835,
  "attacker_avg_balance": 2456.538734571002,
  "honest_total_balance": 36352.74200651821,
  "attacker_total_balance": 12282.69367285501,
  "attacker_count": 5,
  "tpr": 0.0,
  "fpr": 0.0,
  "tpr_pass": false,
  "fpr_pass": true,
  "gini": 0.616424995096408,
  "gini_pass": false,
  "gini_warning": true,
  "balance_mean": 48.63543567937322,
  "balance_median": 25.50778202790775,
  "balance_std": 179.42019633425056,
  "vrf_fairness": 0.961,
  "bloom_events": 25,
  "bloom_total_distributed": 4400.0,
  "bloom_unique_winners": 25,
  "bloom_max_wins": 1,
  "stabilization_median_days": 0.0,
  "stabilization_p25_days": 0.0,
  "stabilization_p75_days": 0.0,
  "stabilization_pass": true,
  "pct_reached_theta": 1.0,
  "community_stability": 0.9333333333333333,
  "community_stability_pass": false,
  "num_communities": 30,
  "community_detections": 5,
  "honest_T_mean": 0.798887325591736,
  "honest_T_std": 0.10294866764563265,
  "honest_E_mean": 0.8570583816226968,
  "honest_E_std": 0.0669037855537276,
  "honest_D_mean": 0.5,
  "honest_D_std": 0.0,
  "honest_S_mean": 0.6899459900310647,
  "honest_S_std": 0.04036583715787098,
  "honest_g_S_mean": 1.0,
  "honest_g_S_std": 0.0,
  "honest_balance_mean": 36.53541910202835,
  "honest_balance_std": 36.952234795275686,
  "honest_F_rate": 0.0,
  "attacker_T_mean": 0.3033408830059524,
  "attacker_T_std": 0.07336546853653837,
  "attacker_E_mean": 0.9808961367578348,
  "attacker_E_std": 0.01001556708897704,
  "attacker_D_mean": 0.5,
  "attacker_D_std": 0.0,
  "attacker_S_mean": 0.5894453978119307,
  "attacker_S_std": 0.042096994130618945,
  "attacker_g_S_mean": 1.0,
  "attacker_g_S_std": 0.0,
  "attacker_balance_mean": 2456.538734571002,
  "attacker_balance_std": 651.6636726414018,
  "attacker_F_rate": 0.0,
  "test_id": "DOE_r05_DOE_C5",
  "scenario": "C",
  "scenario_name": "Loop attack k=5",
  "network_size": 1000,
  "params": {
    "kappa": 2.5,
    "theta": 0.35,
    "beta": 2.0,
    "bloom_interval": 7,
    "deterministic_ratio": 0.75,
    "grace_period": 30,
    "community_cycle": 30,
    "use_network_distance": false
  }
}