{
  "sybil_roi": 66.19761560276487,
  "sybil_roi_threshold": 0.2,
  "sybil_roi_pass": false,
  "honest_avg_balance": 36.36497137232291,
  "attacker_avg_balance": 2407.2743963105813,
  "honest_total_balance": 36183.146515461296,
  "attacker_total_balance": 12036.371981552908,
  "attacker_count": 5,
  "tpr": 0.6,
  "fpr": 0.034170854271356785,
  "tpr_pass": false,
  "fpr_pass": false,
  "gini": 0.6146145648816583,
  "gini_pass": false,
  "gini_warning": true,
  "balance_mean": 48.2195184970142,
  "balance_median": 25.224989954167704,
  "balance_std": 174.15292009918176,
  "vrf_fairness": 0.8343333333333334,
  "bloom_events": 12,
  "bloom_total_distributed": 4225.0,
  "bloom_unique_winners": 11,
  "bloom_max_wins": 2,
  "stabilization_median_days": 0.0,
  "stabilization_p25_days": 0.0,
  "stabilization_p75_days": 0.0,
  "stabilization_pass": true,
  "pct_reached_theta": 1.0,
  "community_stability": 0.8666666666666667,
  "community_stability_pass": false,
  "num_communities": 26,
  "community_detections": 5,
  "honest_T_mean": 0.8018154517590286,
  "honest_T_std": 0.10528885013161593,
  "honest_E_mean": 0.8546147738978312,
  "honest_E_std": 0.07676958920725917,
  "honest_D_mean": 0.5,
  "honest_D_std": 0.0,
  "honest_S_mean": 0.6899168680211695,
  "honest_S_std": 0.045097545971882105,
  "honest_g_S_mean": 1.0049609686214642,
  "honest_g_S_std": 0.04604104863340148,
  "honest_balance_mean": 36.36497137232291,
  "honest_balance_std": 35.43746384693538,
  "honest_F_rate": 0.034170854271356785,
  "attacker_T_mean": 0.3033408830059524,
  "attacker_T_std": 0.07336546853653837,
  "attacker_E_mean": 0.9808961367578348,
  "attacker_E_std": 0.01001556708897704,
  "attacker_D_mean": 0.5,
  "attacker_D_std": 0.0,
  "attacker_S_mean": 0.5895267359905694,
  "attacker_S_std": 0.0421028031382751,
  "attacker_g_S_mean": 1.0571071573524538,
  "attacker_g_S_std": 0.06758783163150758,
  "attacker_balance_mean": 2407.2743963105813,
  "attacker_balance_std": 528.0704023751854,
  "attacker_F_rate": 0.6,
  "test_id": "DOE_r15_DOE_C5",
  "scenario": "C",
  "scenario_name": "Loop attack k=5",
  "network_size": 1000,
  "params": {
    "kappa": 2.5,
    "theta": 0.6,
    "beta": 2.0,
    "bloom_interval": 14,
    "deterministic_ratio": 0.75,
    "grace_period": 30,
    "community_cycle": 30,
    "use_network_distance": false
  }
}