{
  "sybil_roi": 1.247139270736802,
  "sybil_roi_threshold": 0.2,
  "sybil_roi_pass": false,
  "honest_avg_balance": 46.2717823129912,
  "attacker_avg_balance": 57.707356849515904,
  "honest_total_balance": 9022.997551033284,
  "attacker_total_balance": 288.53678424757953,
  "attacker_count": 5,
  "tpr": 0.2,
  "fpr": 0.12307692307692308,
  "tpr_pass": false,
  "fpr_pass": false,
  "gini": 0.6842613771466954,
  "gini_pass": false,
  "gini_warning": true,
  "balance_mean": 46.55767167640432,
  "balance_median": 14.853404483062548,
  "balance_std": 84.78055116234162,
  "vrf_fairness": 0.885,
  "bloom_events": 25,
  "bloom_total_distributed": 880.0,
  "bloom_unique_winners": 21,
  "bloom_max_wins": 3,
  "stabilization_median_days": 0.0,
  "stabilization_p25_days": 0.0,
  "stabilization_p75_days": 0.0,
  "stabilization_pass": true,
  "pct_reached_theta": 1.0,
  "community_stability": 0.9324324324324325,
  "community_stability_pass": false,
  "num_communities": 148,
  "community_detections": 5,
  "honest_T_mean": 0.14904765911808832,
  "honest_T_std": 0.3388148205067035,
  "honest_E_mean": 0.48642239310712737,
  "honest_E_std": 0.1582748788057997,
  "honest_D_mean": 0.5,
  "honest_D_std": 0.0,
  "honest_S_mean": 0.35199643724850227,
  "honest_S_std": 0.06890296494050416,
  "honest_g_S_mean": 1.0093563127331944,
  "honest_g_S_std": 0.025742053523375625,
  "honest_balance_mean": 46.2717823129912,
  "honest_balance_std": 85.55461097514758,
  "honest_F_rate": 0.12307692307692308,
  "attacker_T_mean": 0.2,
  "attacker_T_std": 0.44721359549995804,
  "attacker_E_mean": 0.48724171676904,
  "attacker_E_std": 0.028528388580622253,
  "attacker_D_mean": 0.5,
  "attacker_D_std": 0.0,
  "attacker_S_mean": 0.3526726928011962,
  "attacker_S_std": 0.08401111888855335,
  "attacker_g_S_mean": 1.0135788488970074,
  "attacker_g_S_std": 0.03036322918990659,
  "attacker_balance_mean": 57.7073568495159,
  "attacker_balance_std": 65.0194446525228,
  "attacker_F_rate": 0.2,
  "test_id": "STAGE2_TEST",
  "scenario": "A",
  "scenario_name": "Stage 2 Integration Test",
  "network_size": 200,
  "params": {
    "kappa": 1.0,
    "theta": 0.3,
    "beta": 1.0,
    "bloom_interval": 7,
    "deterministic_ratio": 0.75,
    "grace_period": 30,
    "community_cycle": 30
  }
}