{
  "sybil_roi": 0.5560983537483807,
  "sybil_roi_threshold": 0.02,
  "sybil_roi_pass": false,
  "honest_avg_balance": 45.120954928664275,
  "attacker_avg_balance": 25.091688755385086,
  "honest_total_balance": 448953.5015402095,
  "attacker_total_balance": 1254.5844377692542,
  "attacker_count": 50,
  "tpr": 0.14,
  "fpr": 0.09276381909547739,
  "tpr_pass": false,
  "fpr_pass": false,
  "gini": 0.7039856289206365,
  "gini_pass": false,
  "gini_warning": true,
  "balance_mean": 45.020808597797874,
  "balance_median": 15.803081492030488,
  "balance_std": 105.98381037457753,
  "vrf_fairness": 0.9601,
  "bloom_events": 25,
  "bloom_total_distributed": 44000.0,
  "bloom_unique_winners": 25,
  "bloom_max_wins": 1,
  "stabilization_median_days": 0.0,
  "stabilization_p25_days": 0.0,
  "stabilization_p75_days": 0.0,
  "stabilization_pass": true,
  "pct_reached_theta": 1.0,
  "community_stability": 0.947323392813493,
  "community_stability_pass": false,
  "num_communities": 8182,
  "community_detections": 5,
  "honest_T_mean": 0.11427233845322265,
  "honest_T_std": 0.29765295391892643,
  "honest_E_mean": 0.4827337419031912,
  "honest_E_std": 0.1484992302554087,
  "honest_D_mean": 0.5,
  "honest_D_std": 0.0,
  "honest_S_mean": 0.33936024316011626,
  "honest_S_std": 0.058246217976354195,
  "honest_g_S_mean": 1.0058429642636841,
  "honest_g_S_std": 0.022048820569253485,
  "honest_balance_mean": 45.120954928664275,
  "honest_balance_std": 106.20577882200529,
  "honest_F_rate": 0.09276381909547739,
  "attacker_T_mean": 0.0753801827476886,
  "attacker_T_std": 0.226164744740437,
  "attacker_E_mean": 0.45704219213685077,
  "attacker_E_std": 0.1378837908595913,
  "attacker_D_mean": 0.5,
  "attacker_D_std": 0.0,
  "attacker_S_mean": 0.3317603531178947,
  "attacker_S_std": 0.0663331914021881,
  "attacker_g_S_mean": 1.0076564381471178,
  "attacker_g_S_std": 0.02548805917411209,
  "attacker_balance_mean": 25.09168875538509,
  "attacker_balance_std": 41.48046532503301,
  "attacker_F_rate": 0.14,
  "test_id": "T003",
  "scenario": "A",
  "scenario_name": "Simple Sybil",
  "network_size": 10000,
  "params": {
    "kappa": 1.0,
    "theta": 0.3,
    "beta": 1.0,
    "bloom_interval": 7,
    "deterministic_ratio": 0.75,
    "grace_period": 30,
    "community_cycle": 30
  }
}