{
  "sybil_roi": 2.0522001544192463,
  "sybil_roi_threshold": 0.1,
  "sybil_roi_pass": false,
  "honest_avg_balance": 44.78736593395692,
  "attacker_avg_balance": 91.91263928569768,
  "honest_total_balance": 447425.78568022966,
  "attacker_total_balance": 919.1263928569767,
  "attacker_count": 10,
  "tpr": 0.1,
  "fpr": 0.09339339339339339,
  "tpr_pass": false,
  "fpr_pass": false,
  "gini": 0.707009807957943,
  "gini_pass": false,
  "gini_warning": true,
  "balance_mean": 44.834491207308666,
  "balance_median": 15.393083424447742,
  "balance_std": 106.43960433469582,
  "vrf_fairness": 0.9601,
  "bloom_events": 25,
  "bloom_total_distributed": 44000.0,
  "bloom_unique_winners": 25,
  "bloom_max_wins": 1,
  "stabilization_median_days": 0.0,
  "stabilization_p25_days": 0.0,
  "stabilization_p75_days": 0.0,
  "stabilization_pass": true,
  "pct_reached_theta": 1.0,
  "community_stability": 0.9581019077517507,
  "community_stability_pass": true,
  "num_communities": 8282,
  "community_detections": 5,
  "honest_T_mean": 0.09278564488859026,
  "honest_T_std": 0.2708718213961023,
  "honest_E_mean": 0.4856151168598843,
  "honest_E_std": 0.13552847954519995,
  "honest_D_mean": 0.5,
  "honest_D_std": 0.0,
  "honest_S_mean": 0.33300543669790367,
  "honest_S_std": 0.05163724598682352,
  "honest_g_S_mean": 1.0052812322228335,
  "honest_g_S_std": 0.02044558258681082,
  "honest_balance_mean": 44.78736593395692,
  "honest_balance_std": 106.39869434466544,
  "honest_F_rate": 0.09339339339339339,
  "attacker_T_mean": 0.0,
  "attacker_T_std": 0.0,
  "attacker_E_mean": 0.5,
  "attacker_E_std": 0.0,
  "attacker_D_mean": 0.5,
  "attacker_D_std": 0.0,
  "attacker_S_mean": 0.32058345827654816,
  "attacker_S_std": 0.03998239888292717,
  "attacker_g_S_mean": 1.0093208443832133,
  "attacker_g_S_std": 0.029475097966940846,
  "attacker_balance_mean": 91.91263928569768,
  "attacker_balance_std": 145.07236682292475,
  "attacker_F_rate": 0.1,
  "test_id": "T005",
  "scenario": "B",
  "scenario_name": "Device-constrained Sybil",
  "network_size": 10000,
  "params": {
    "kappa": 1.0,
    "theta": 0.3,
    "beta": 1.0,
    "bloom_interval": 7,
    "deterministic_ratio": 0.75,
    "grace_period": 30,
    "community_cycle": 30
  }
}