{
  "sybil_roi": 1.3757917548658394,
  "sybil_roi_threshold": 0.05,
  "sybil_roi_pass": false,
  "honest_avg_balance": 39.49938416829425,
  "attacker_avg_balance": 54.3429270610175,
  "honest_total_balance": 38709.396484928366,
  "attacker_total_balance": 1086.85854122035,
  "attacker_count": 20,
  "tpr": 0.9,
  "fpr": 0.9357142857142857,
  "tpr_pass": false,
  "fpr_pass": false,
  "gini": 0.7760271583497815,
  "gini_pass": false,
  "gini_warning": true,
  "balance_mean": 39.876007040229176,
  "balance_median": 7.66026847298583,
  "balance_std": 92.2084323475468,
  "vrf_fairness": 0.881,
  "bloom_events": 25,
  "bloom_total_distributed": 4400.0,
  "bloom_unique_winners": 22,
  "bloom_max_wins": 3,
  "stabilization_median_days": 0.0,
  "stabilization_p25_days": 0.0,
  "stabilization_p75_days": 0.0,
  "stabilization_pass": true,
  "pct_reached_theta": 1.0,
  "community_stability": 0.9526123936816525,
  "community_stability_pass": true,
  "num_communities": 823,
  "community_detections": 5,
  "honest_T_mean": 0.13126963230141836,
  "honest_T_std": 0.2925269959820332,
  "honest_E_mean": 0.48333850517268534,
  "honest_E_std": 0.12658684749251028,
  "honest_D_mean": 0.5,
  "honest_D_std": 0.0,
  "honest_S_mean": 0.3451050742288327,
  "honest_S_std": 0.06483607962770052,
  "honest_g_S_mean": 1.1663489215922453,
  "honest_g_S_std": 0.0654065711450428,
  "honest_balance_mean": 39.49938416829425,
  "honest_balance_std": 92.02672910781665,
  "honest_F_rate": 0.9357142857142857,
  "attacker_T_mean": 0.1561355947147785,
  "attacker_T_std": 0.31052015099107155,
  "attacker_E_mean": 0.4335942673225549,
  "attacker_E_std": 0.16470742851198453,
  "attacker_D_mean": 0.5,
  "attacker_D_std": 0.0,
  "attacker_S_mean": 0.33524760071049137,
  "attacker_S_std": 0.07975930193892919,
  "attacker_g_S_mean": 1.181389129264018,
  "attacker_g_S_std": 0.09767469286384052,
  "attacker_balance_mean": 54.3429270610175,
  "attacker_balance_std": 100.83179857614192,
  "attacker_F_rate": 0.9,
  "test_id": "T010_3L_k20",
  "scenario": "G",
  "scenario_name": "Distance axis (3L), k=20",
  "network_size": 1000,
  "params": {
    "kappa": 1.5,
    "theta": 0.45,
    "beta": 1.0,
    "bloom_interval": 7,
    "deterministic_ratio": 0.75,
    "grace_period": 30,
    "community_cycle": 30,
    "use_network_distance": false
  }
}