{
  "sybil_roi": 0.6646607048495577,
  "sybil_roi_threshold": 0.1,
  "sybil_roi_pass": false,
  "honest_avg_balance": 39.530855033157984,
  "attacker_avg_balance": 26.274605969644472,
  "honest_total_balance": 39135.5464828264,
  "attacker_total_balance": 262.7460596964447,
  "attacker_count": 10,
  "tpr": 0.9,
  "fpr": 0.9333333333333333,
  "tpr_pass": false,
  "fpr_pass": false,
  "gini": 0.7876293460468002,
  "gini_pass": false,
  "gini_warning": true,
  "balance_mean": 39.43773027279565,
  "balance_median": 7.848512859561494,
  "balance_std": 104.42874124561796,
  "vrf_fairness": 0.921,
  "bloom_events": 25,
  "bloom_total_distributed": 4400.0,
  "bloom_unique_winners": 24,
  "bloom_max_wins": 2,
  "stabilization_median_days": 0.0,
  "stabilization_p25_days": 0.0,
  "stabilization_p75_days": 0.0,
  "stabilization_pass": true,
  "pct_reached_theta": 1.0,
  "community_stability": 0.97442143727162,
  "community_stability_pass": true,
  "num_communities": 821,
  "community_detections": 5,
  "honest_T_mean": 0.11353508595545295,
  "honest_T_std": 0.2643579341874711,
  "honest_E_mean": 0.48037256780538734,
  "honest_E_std": 0.11545364655277077,
  "honest_D_mean": 0.5154112659528411,
  "honest_D_std": 0.09813613182821969,
  "honest_S_mean": 0.34271513081189586,
  "honest_S_std": 0.07085476141678035,
  "honest_g_S_mean": 1.171662285786942,
  "honest_g_S_std": 0.07134010985060966,
  "honest_balance_mean": 39.530855033157984,
  "honest_balance_std": 104.8745040704893,
  "honest_F_rate": 0.9333333333333333,
  "attacker_T_mean": 0.25399810390357375,
  "attacker_T_std": 0.3433800553842624,
  "attacker_E_mean": 0.33517434660068934,
  "attacker_E_std": 0.23577414797653573,
  "attacker_D_mean": 0.5866125242295157,
  "attacker_D_std": 0.11181628797130024,
  "attacker_S_mean": 0.31361326197018935,
  "attacker_S_std": 0.07377378699109235,
  "attacker_g_S_mean": 1.2055112437060074,
  "attacker_g_S_std": 0.10868244435155917,
  "attacker_balance_mean": 26.274605969644472,
  "attacker_balance_std": 42.939725734562366,
  "attacker_F_rate": 0.9,
  "test_id": "T010_4L_k10",
  "scenario": "G",
  "scenario_name": "Distance axis (4L), k=10",
  "network_size": 1000,
  "params": {
    "kappa": 1.5,
    "theta": 0.45,
    "beta": 1.0,
    "bloom_interval": 7,
    "deterministic_ratio": 0.75,
    "grace_period": 30,
    "community_cycle": 30,
    "use_network_distance": true
  }
}