{
  "sybil_roi": 0.2677303396616574,
  "sybil_roi_threshold": 0.2,
  "sybil_roi_pass": false,
  "honest_avg_balance": 39.32745875082695,
  "attacker_avg_balance": 10.52915388938872,
  "honest_total_balance": 39130.821457072816,
  "attacker_total_balance": 52.645769446943596,
  "attacker_count": 5,
  "tpr": 1.0,
  "fpr": 0.9366834170854271,
  "tpr_pass": true,
  "fpr_pass": false,
  "gini": 0.7844872447231805,
  "gini_pass": false,
  "gini_warning": true,
  "balance_mean": 39.222689916436195,
  "balance_median": 8.252630182891368,
  "balance_std": 108.06028145278991,
  "vrf_fairness": 0.921,
  "bloom_events": 25,
  "bloom_total_distributed": 4400.0,
  "bloom_unique_winners": 23,
  "bloom_max_wins": 2,
  "stabilization_median_days": 0.0,
  "stabilization_p25_days": 0.0,
  "stabilization_p75_days": 0.0,
  "stabilization_pass": true,
  "pct_reached_theta": 1.0,
  "community_stability": 0.987546699875467,
  "community_stability_pass": true,
  "num_communities": 803,
  "community_detections": 5,
  "honest_T_mean": 0.12343469449075226,
  "honest_T_std": 0.2700284576068937,
  "honest_E_mean": 0.4760234182385601,
  "honest_E_std": 0.1294738118819107,
  "honest_D_mean": 0.5176187706117672,
  "honest_D_std": 0.09650420938808381,
  "honest_S_mean": 0.34527718140827324,
  "honest_S_std": 0.0704355591383243,
  "honest_g_S_mean": 1.1672791809162686,
  "honest_g_S_std": 0.0726158178642114,
  "honest_balance_mean": 39.32745875082695,
  "honest_balance_std": 108.31554493797636,
  "honest_F_rate": 0.9366834170854271,
  "attacker_T_mean": 0.1294748011026164,
  "attacker_T_std": 0.2868477404885261,
  "attacker_E_mean": 0.4356207187105552,
  "attacker_E_std": 0.143956449305779,
  "attacker_D_mean": 0.5433062621147579,
  "attacker_D_std": 0.09683574594002237,
  "attacker_S_mean": 0.3472124623551992,
  "attacker_S_std": 0.024304149430900836,
  "attacker_g_S_mean": 1.1541813064672013,
  "attacker_g_S_std": 0.03645622414635129,
  "attacker_balance_mean": 10.529153889388718,
  "attacker_balance_std": 14.954718306345306,
  "attacker_F_rate": 1.0,
  "test_id": "T010_4L_k5",
  "scenario": "G",
  "scenario_name": "Distance axis (4L), k=5",
  "network_size": 1000,
  "params": {
    "kappa": 1.5,
    "theta": 0.45,
    "beta": 1.0,
    "bloom_interval": 7,
    "deterministic_ratio": 0.75,
    "grace_period": 30,
    "community_cycle": 30,
    "use_network_distance": true
  }
}