{
  "sybil_roi": 0.5703593625000485,
  "sybil_roi_threshold": 0.1,
  "sybil_roi_pass": false,
  "honest_avg_balance": 39.39717628167731,
  "attacker_avg_balance": 22.4705483483195,
  "honest_total_balance": 39003.20451886054,
  "attacker_total_balance": 224.705483483195,
  "attacker_count": 10,
  "tpr": 1.0,
  "fpr": 0.9525252525252526,
  "tpr_pass": true,
  "fpr_pass": false,
  "gini": 0.7844355079475505,
  "gini_pass": false,
  "gini_warning": true,
  "balance_mean": 39.26717717952326,
  "balance_median": 7.981094926705608,
  "balance_std": 105.54864303738353,
  "vrf_fairness": 0.921,
  "bloom_events": 25,
  "bloom_total_distributed": 4400.0,
  "bloom_unique_winners": 23,
  "bloom_max_wins": 2,
  "stabilization_median_days": 0.0,
  "stabilization_p25_days": 0.0,
  "stabilization_p75_days": 0.0,
  "stabilization_pass": true,
  "pct_reached_theta": 1.0,
  "community_stability": 0.9734939759036144,
  "community_stability_pass": true,
  "num_communities": 808,
  "community_detections": 5,
  "honest_T_mean": 0.1052103045950928,
  "honest_T_std": 0.2596955355878475,
  "honest_E_mean": 0.4827210595313751,
  "honest_E_std": 0.10744171987128755,
  "honest_D_mean": 0.5,
  "honest_D_std": 0.0,
  "honest_S_mean": 0.33725011929403265,
  "honest_S_std": 0.0562758665655537,
  "honest_g_S_mean": 1.1743433076020564,
  "honest_g_S_std": 0.06485861038265618,
  "honest_balance_mean": 39.39717628167731,
  "honest_balance_std": 105.9961834910603,
  "honest_F_rate": 0.9525252525252526,
  "attacker_T_mean": 0.1013104269050598,
  "attacker_T_std": 0.16852532242847687,
  "attacker_E_mean": 0.35,
  "attacker_E_std": 0.24152294576982397,
  "attacker_D_mean": 0.5,
  "attacker_D_std": 0.0,
  "attacker_S_mean": 0.28947232125742567,
  "attacker_S_std": 0.07907723230362368,
  "attacker_g_S_mean": 1.2407915181138613,
  "attacker_g_S_std": 0.11861584845543552,
  "attacker_balance_mean": 22.4705483483195,
  "attacker_balance_std": 42.785809447439185,
  "attacker_F_rate": 1.0,
  "test_id": "T010_3L_k10",
  "scenario": "G",
  "scenario_name": "Distance axis (3L), k=10",
  "network_size": 1000,
  "params": {
    "kappa": 1.5,
    "theta": 0.45,
    "beta": 1.0,
    "bloom_interval": 7,
    "deterministic_ratio": 0.75,
    "grace_period": 30,
    "community_cycle": 30,
    "use_network_distance": false
  }
}