{
  "sybil_roi": 0.004497954769620341,
  "sybil_roi_threshold": 1.0,
  "sybil_roi_pass": true,
  "honest_avg_balance": 39.471858412746435,
  "attacker_avg_balance": 0.1775426338133916,
  "honest_total_balance": 39432.38655433369,
  "attacker_total_balance": 0.1775426338133916,
  "attacker_count": 1,
  "tpr": 1.0,
  "fpr": 0.968968968968969,
  "tpr_pass": true,
  "fpr_pass": false,
  "gini": 0.7799226167502138,
  "gini_pass": false,
  "gini_warning": true,
  "balance_mean": 39.51158727151052,
  "balance_median": 8.150882133220934,
  "balance_std": 96.28848600689531,
  "vrf_fairness": 0.881,
  "bloom_events": 25,
  "bloom_total_distributed": 4400.0,
  "bloom_unique_winners": 21,
  "bloom_max_wins": 3,
  "stabilization_median_days": 0.0,
  "stabilization_p25_days": 0.0,
  "stabilization_p75_days": 0.0,
  "stabilization_pass": true,
  "pct_reached_theta": 1.0,
  "community_stability": 0.9905325443786982,
  "community_stability_pass": true,
  "num_communities": 845,
  "community_detections": 5,
  "honest_T_mean": 0.08761815600237169,
  "honest_T_std": 0.23810973463084223,
  "honest_E_mean": 0.48635629500873484,
  "honest_E_std": 0.10439170696636024,
  "honest_D_mean": 0.5,
  "honest_D_std": 0.0,
  "honest_S_mean": 0.33271801194903033,
  "honest_S_std": 0.04975879319472863,
  "honest_g_S_mean": 1.1796229700633618,
  "honest_g_S_std": 0.05943119808610417,
  "honest_balance_mean": 39.471858412746435,
  "honest_balance_std": 96.29667324558746,
  "honest_F_rate": 0.968968968968969,
  "attacker_T_mean": 0.0006920906244082178,
  "attacker_T_std": NaN,
  "attacker_E_mean": 0.5,
  "attacker_E_std": NaN,
  "attacker_D_mean": 0.5,
  "attacker_D_std": NaN,
  "attacker_S_mean": 0.33259131547639925,
  "attacker_S_std": NaN,
  "attacker_g_S_mean": 1.1761130267854012,
  "attacker_g_S_std": NaN,
  "attacker_balance_mean": 0.1775426338133916,
  "attacker_balance_std": NaN,
  "attacker_F_rate": 1.0,
  "test_id": "T010_3L_k1",
  "scenario": "G",
  "scenario_name": "Distance axis (3L), k=1",
  "network_size": 1000,
  "params": {
    "kappa": 1.5,
    "theta": 0.45,
    "beta": 1.0,
    "bloom_interval": 7,
    "deterministic_ratio": 0.75,
    "grace_period": 30,
    "community_cycle": 30,
    "use_network_distance": false
  }
}