{
  "sybil_roi": 0.680993513823381,
  "sybil_roi_threshold": 0.02,
  "sybil_roi_pass": false,
  "honest_avg_balance": 40.854129301242644,
  "attacker_avg_balance": 27.82139706704798,
  "honest_total_balance": 38811.422836180514,
  "attacker_total_balance": 1391.069853352399,
  "attacker_count": 50,
  "tpr": 0.92,
  "fpr": 0.9526315789473684,
  "tpr_pass": false,
  "fpr_pass": false,
  "gini": 0.7785253158417318,
  "gini_pass": false,
  "gini_warning": true,
  "balance_mean": 40.283058807147206,
  "balance_median": 8.482574410793394,
  "balance_std": 97.79224250373125,
  "vrf_fairness": 0.881,
  "bloom_events": 25,
  "bloom_total_distributed": 4400.0,
  "bloom_unique_winners": 22,
  "bloom_max_wins": 3,
  "stabilization_median_days": 0.0,
  "stabilization_p25_days": 0.0,
  "stabilization_p75_days": 0.0,
  "stabilization_pass": true,
  "pct_reached_theta": 1.0,
  "community_stability": 0.979539641943734,
  "community_stability_pass": true,
  "num_communities": 782,
  "community_detections": 5,
  "honest_T_mean": 0.12752053314765552,
  "honest_T_std": 0.287975719684183,
  "honest_E_mean": 0.49326465182120144,
  "honest_E_std": 0.11146983076714738,
  "honest_D_mean": 0.5,
  "honest_D_std": 0.0,
  "honest_S_mean": 0.34812704267054984,
  "honest_S_std": 0.05459970657624905,
  "honest_g_S_mean": 1.157846072917431,
  "honest_g_S_std": 0.06608422956111185,
  "honest_balance_mean": 40.854129301242644,
  "honest_balance_std": 98.92411604796196,
  "honest_F_rate": 0.9526315789473684,
  "attacker_T_mean": 0.11637428461520283,
  "attacker_T_std": 0.2766414572696214,
  "attacker_E_mean": 0.5008831886715689,
  "attacker_E_std": 0.04100915789229218,
  "attacker_D_mean": 0.5,
  "attacker_D_std": 0.0,
  "attacker_S_mean": 0.3443900166063702,
  "attacker_S_std": 0.05889846007001088,
  "attacker_g_S_mean": 1.1644248642983746,
  "attacker_g_S_std": 0.07057761841113795,
  "attacker_balance_mean": 27.821397067047982,
  "attacker_balance_std": 71.78074804900237,
  "attacker_F_rate": 0.92,
  "test_id": "T010_3L_k50",
  "scenario": "G",
  "scenario_name": "Distance axis (3L), k=50",
  "network_size": 1000,
  "params": {
    "kappa": 1.5,
    "theta": 0.45,
    "beta": 1.0,
    "bloom_interval": 7,
    "deterministic_ratio": 0.75,
    "grace_period": 30,
    "community_cycle": 30,
    "use_network_distance": false
  }
}