{
  "sybil_roi": 0.8477986824518757,
  "sybil_roi_threshold": 0.1,
  "sybil_roi_pass": false,
  "honest_avg_balance": 24.092032084541756,
  "attacker_avg_balance": 20.425193058862817,
  "honest_total_balance": 23851.11176369634,
  "attacker_total_balance": 204.25193058862817,
  "attacker_count": 10,
  "tpr": 1.0,
  "fpr": 1.0,
  "tpr_pass": true,
  "fpr_pass": false,
  "gini": 0.8106245460869821,
  "gini_pass": false,
  "gini_warning": true,
  "balance_mean": 24.103570835956884,
  "balance_median": 4.185816470428925,
  "balance_std": 76.98581409494774,
  "vrf_fairness": 0.8009999999999999,
  "bloom_events": 10,
  "bloom_total_distributed": 3525.0,
  "bloom_unique_winners": 8,
  "bloom_max_wins": 2,
  "stabilization_median_days": 0.0,
  "stabilization_p25_days": 0.0,
  "stabilization_p75_days": 0.0,
  "stabilization_pass": true,
  "pct_reached_theta": 1.0,
  "community_stability": 0.9790055248618784,
  "community_stability_pass": true,
  "num_communities": 905,
  "community_detections": 5,
  "honest_T_mean": 0.049582981441766046,
  "honest_T_std": 0.18805846643312688,
  "honest_E_mean": 0.4922602666427975,
  "honest_E_std": 0.0742029048463892,
  "honest_D_mean": 0.5,
  "honest_D_std": 0.0,
  "honest_S_mean": 0.2919981230534158,
  "honest_S_std": 0.02985783344047822,
  "honest_g_S_mean": 1.7700046923664605,
  "honest_g_S_std": 0.07464458360119555,
  "honest_balance_mean": 24.092032084541756,
  "honest_balance_std": 77.29521868210335,
  "honest_F_rate": 1.0,
  "attacker_T_mean": 0.09675078706495091,
  "attacker_T_std": 0.1823483082133034,
  "attacker_E_mean": 0.4,
  "attacker_E_std": 0.21081851067789195,
  "attacker_D_mean": 0.5,
  "attacker_D_std": 0.0,
  "attacker_S_mean": 0.2607323269989467,
  "attacker_S_std": 0.06485152462505941,
  "attacker_g_S_mean": 1.8481691825026332,
  "attacker_g_S_std": 0.16212881156264852,
  "attacker_balance_mean": 20.425193058862817,
  "attacker_balance_std": 28.20105702949974,
  "attacker_F_rate": 1.0,
  "test_id": "DOE_r15_DOE_A10",
  "scenario": "A",
  "scenario_name": "Simple Sybil k=10",
  "network_size": 1000,
  "params": {
    "kappa": 2.5,
    "theta": 0.6,
    "beta": 2.0,
    "bloom_interval": 14,
    "deterministic_ratio": 0.75,
    "grace_period": 30,
    "community_cycle": 30,
    "use_network_distance": false
  }
}