{
  "sybil_roi": 70.7097331005676,
  "sybil_roi_threshold": 0.2,
  "sybil_roi_pass": false,
  "honest_avg_balance": 36.08688102489384,
  "attacker_avg_balance": 2551.693725702181,
  "honest_total_balance": 35906.44661976937,
  "attacker_total_balance": 12758.468628510906,
  "attacker_count": 5,
  "tpr": 0.0,
  "fpr": 0.003015075376884422,
  "tpr_pass": false,
  "fpr_pass": true,
  "gini": 0.6300634657726787,
  "gini_pass": false,
  "gini_warning": true,
  "balance_mean": 48.66491524828028,
  "balance_median": 24.6490676101445,
  "balance_std": 184.9325920969357,
  "vrf_fairness": 0.921,
  "bloom_events": 25,
  "bloom_total_distributed": 4400.0,
  "bloom_unique_winners": 24,
  "bloom_max_wins": 2,
  "stabilization_median_days": 0.0,
  "stabilization_p25_days": 0.0,
  "stabilization_p75_days": 0.0,
  "stabilization_pass": true,
  "pct_reached_theta": 1.0,
  "community_stability": 0.9666666666666667,
  "community_stability_pass": true,
  "num_communities": 30,
  "community_detections": 5,
  "honest_T_mean": 0.8051910726265813,
  "honest_T_std": 0.10036894981946835,
  "honest_E_mean": 0.8576509596112757,
  "honest_E_std": 0.07541035164489077,
  "honest_D_mean": 0.5,
  "honest_D_std": 0.0,
  "honest_S_mean": 0.6916935288303419,
  "honest_S_std": 0.042913957445346256,
  "honest_g_S_mean": 1.0000840680259244,
  "honest_g_S_std": 0.0015647914446988071,
  "honest_balance_mean": 36.08688102489384,
  "honest_balance_std": 37.36821830823714,
  "honest_F_rate": 0.003015075376884422,
  "attacker_T_mean": 0.3033408830059524,
  "attacker_T_std": 0.07336546853653837,
  "attacker_E_mean": 0.9808961367578348,
  "attacker_E_std": 0.01001556708897704,
  "attacker_D_mean": 0.5,
  "attacker_D_std": 0.0,
  "attacker_S_mean": 0.5900056498164152,
  "attacker_S_std": 0.042137006191841304,
  "attacker_g_S_mean": 1.0,
  "attacker_g_S_std": 0.0,
  "attacker_balance_mean": 2551.6937257021814,
  "attacker_balance_std": 576.3844512530932,
  "attacker_F_rate": 0.0,
  "test_id": "DOE_r04_DOE_C5",
  "scenario": "C",
  "scenario_name": "Loop attack k=5",
  "network_size": 1000,
  "params": {
    "kappa": 0.5,
    "theta": 0.35,
    "beta": 2.0,
    "bloom_interval": 7,
    "deterministic_ratio": 0.75,
    "grace_period": 30,
    "community_cycle": 30,
    "use_network_distance": false
  }
}