{
  "sybil_roi": 0.8058653570386102,
  "sybil_roi_threshold": 0.1,
  "sybil_roi_pass": false,
  "honest_avg_balance": 40.72114942365275,
  "attacker_avg_balance": 32.81576361931452,
  "honest_total_balance": 40313.93792941622,
  "attacker_total_balance": 328.15763619314515,
  "attacker_count": 10,
  "tpr": 0.9,
  "fpr": 0.9939393939393939,
  "tpr_pass": false,
  "fpr_pass": false,
  "gini": 0.8116373814667057,
  "gini_pass": false,
  "gini_warning": true,
  "balance_mean": 40.723542650911185,
  "balance_median": 7.121177350783908,
  "balance_std": 117.83932933836942,
  "vrf_fairness": 0.881,
  "bloom_events": 25,
  "bloom_total_distributed": 4400.0,
  "bloom_unique_winners": 20,
  "bloom_max_wins": 3,
  "stabilization_median_days": 0.0,
  "stabilization_p25_days": 0.0,
  "stabilization_p75_days": 0.0,
  "stabilization_pass": true,
  "pct_reached_theta": 1.0,
  "community_stability": 0.9494117647058824,
  "community_stability_pass": false,
  "num_communities": 850,
  "community_detections": 5,
  "honest_T_mean": 0.07840496905824354,
  "honest_T_std": 0.22445443267861165,
  "honest_E_mean": 0.4832354012920297,
  "honest_E_std": 0.10686806832481109,
  "honest_D_mean": 0.5,
  "honest_D_std": 0.0,
  "honest_S_mean": 0.34240447936847834,
  "honest_S_std": 0.045125167155416666,
  "honest_g_S_mean": 1.128869216308183,
  "honest_g_S_std": 0.02211825400174748,
  "honest_balance_mean": 40.72114942365275,
  "honest_balance_std": 118.29835057010379,
  "honest_F_rate": 0.9939393939393939,
  "attacker_T_mean": 0.20048623468410573,
  "attacker_T_std": 0.32925649447580574,
  "attacker_E_mean": 0.5011255542204236,
  "attacker_E_std": 0.15441461094224493,
  "attacker_D_mean": 0.5,
  "attacker_D_std": 0.0,
  "attacker_S_mean": 0.35405688826809395,
  "attacker_S_std": 0.1287093229697932,
  "attacker_g_S_mean": 1.125518920581773,
  "attacker_g_S_std": 0.05801803998640631,
  "attacker_balance_mean": 32.81576361931452,
  "attacker_balance_std": 47.68711909130779,
  "attacker_F_rate": 0.9,
  "test_id": "DOE_r02_DOE_A10",
  "scenario": "A",
  "scenario_name": "Simple Sybil k=10",
  "network_size": 1000,
  "params": {
    "kappa": 0.5,
    "theta": 0.6,
    "beta": 0.5,
    "bloom_interval": 7,
    "deterministic_ratio": 0.75,
    "grace_period": 30,
    "community_cycle": 30,
    "use_network_distance": false
  }
}