{
  "sybil_roi": 67.64464790581503,
  "sybil_roi_threshold": 0.2,
  "sybil_roi_pass": false,
  "honest_avg_balance": 36.29862885286028,
  "attacker_avg_balance": 2455.4079682155925,
  "honest_total_balance": 36117.13570859598,
  "attacker_total_balance": 12277.039841077962,
  "attacker_count": 5,
  "tpr": 0.0,
  "fpr": 0.027135678391959798,
  "tpr_pass": false,
  "fpr_pass": false,
  "gini": 0.6248984341620838,
  "gini_pass": false,
  "gini_warning": true,
  "balance_mean": 48.39417554967395,
  "balance_median": 25.04410629123466,
  "balance_std": 178.01207840596598,
  "vrf_fairness": 0.9176666666666666,
  "bloom_events": 12,
  "bloom_total_distributed": 4225.0,
  "bloom_unique_winners": 12,
  "bloom_max_wins": 1,
  "stabilization_median_days": 0.0,
  "stabilization_p25_days": 0.0,
  "stabilization_p75_days": 0.0,
  "stabilization_pass": true,
  "pct_reached_theta": 1.0,
  "community_stability": 0.9285714285714286,
  "community_stability_pass": false,
  "num_communities": 28,
  "community_detections": 5,
  "honest_T_mean": 0.797862976553204,
  "honest_T_std": 0.10438076725062986,
  "honest_E_mean": 0.8533432422378978,
  "honest_E_std": 0.0773400783741496,
  "honest_D_mean": 0.5,
  "honest_D_std": 0.0,
  "honest_S_mean": 0.7099799653520764,
  "honest_S_std": 0.05058129266650388,
  "honest_g_S_mean": 1.0033980402116591,
  "honest_g_S_std": 0.04211625876296707,
  "honest_balance_mean": 36.29862885286028,
  "honest_balance_std": 36.33624741865576,
  "honest_F_rate": 0.027135678391959798,
  "attacker_T_mean": 0.3033408830059524,
  "attacker_T_std": 0.07336546853653837,
  "attacker_E_mean": 0.9808961367578348,
  "attacker_E_std": 0.01001556708897704,
  "attacker_D_mean": 0.5,
  "attacker_D_std": 0.0,
  "attacker_S_mean": 0.6357132433498452,
  "attacker_S_std": 0.02969876565973405,
  "attacker_g_S_mean": 1.0,
  "attacker_g_S_std": 0.0,
  "attacker_balance_mean": 2455.4079682155925,
  "attacker_balance_std": 561.6385381487946,
  "attacker_F_rate": 0.0,
  "test_id": "DOE_r11_DOE_C5",
  "scenario": "C",
  "scenario_name": "Loop attack k=5",
  "network_size": 1000,
  "params": {
    "kappa": 2.5,
    "theta": 0.6,
    "beta": 0.5,
    "bloom_interval": 14,
    "deterministic_ratio": 0.75,
    "grace_period": 30,
    "community_cycle": 30,
    "use_network_distance": false
  }
}