{
  "sybil_roi": 0.598536360507889,
  "sybil_roi_threshold": 0.1,
  "sybil_roi_pass": false,
  "honest_avg_balance": 44.34455432421366,
  "attacker_avg_balance": 26.541828153559216,
  "honest_total_balance": 43901.108780971525,
  "attacker_total_balance": 265.41828153559214,
  "attacker_count": 10,
  "tpr": 0.7,
  "fpr": 0.8858585858585859,
  "tpr_pass": false,
  "fpr_pass": false,
  "gini": 0.7812486073980798,
  "gini_pass": false,
  "gini_warning": true,
  "balance_mean": 44.166527062507114,
  "balance_median": 9.112129580508608,
  "balance_std": 120.10194555374339,
  "vrf_fairness": 0.921,
  "bloom_events": 25,
  "bloom_total_distributed": 4400.0,
  "bloom_unique_winners": 23,
  "bloom_max_wins": 2,
  "stabilization_median_days": 0.0,
  "stabilization_p25_days": 0.0,
  "stabilization_p75_days": 0.0,
  "stabilization_pass": true,
  "pct_reached_theta": 1.0,
  "community_stability": 0.9633838383838383,
  "community_stability_pass": true,
  "num_communities": 792,
  "community_detections": 5,
  "honest_T_mean": 0.1446264087879372,
  "honest_T_std": 0.28793488906785797,
  "honest_E_mean": 0.4644380005081227,
  "honest_E_std": 0.13621568090143044,
  "honest_D_mean": 0.5,
  "honest_D_std": 0.0,
  "honest_S_mean": 0.31806613767347564,
  "honest_S_std": 0.06625201949896145,
  "honest_g_S_mean": 1.0219409549274308,
  "honest_g_S_std": 0.01771291838751394,
  "honest_balance_mean": 44.34455432421366,
  "honest_balance_std": 120.66214315327515,
  "honest_F_rate": 0.8858585858585859,
  "attacker_T_mean": 0.29082038054364645,
  "attacker_T_std": 0.38828197306740536,
  "attacker_E_mean": 0.45511823507586924,
  "attacker_E_std": 0.10699399408067975,
  "attacker_D_mean": 0.5,
  "attacker_D_std": 0.0,
  "attacker_S_mean": 0.321536653977158,
  "attacker_S_std": 0.09033008983949427,
  "attacker_g_S_mean": 1.0246652997095549,
  "attacker_g_S_std": 0.033910603281830654,
  "attacker_balance_mean": 26.541828153559216,
  "attacker_balance_std": 49.59809501434791,
  "attacker_F_rate": 0.7,
  "test_id": "DOE_r04_DOE_A10",
  "scenario": "A",
  "scenario_name": "Simple Sybil k=10",
  "network_size": 1000,
  "params": {
    "kappa": 0.5,
    "theta": 0.35,
    "beta": 2.0,
    "bloom_interval": 7,
    "deterministic_ratio": 0.75,
    "grace_period": 30,
    "community_cycle": 30,
    "use_network_distance": false
  }
}