{
  "sybil_roi": 0.6083074623316396,
  "sybil_roi_threshold": 0.1,
  "sybil_roi_pass": false,
  "honest_avg_balance": 22.593856986260832,
  "attacker_avg_balance": 13.744011807596312,
  "honest_total_balance": 22367.918416398225,
  "attacker_total_balance": 137.4401180759631,
  "attacker_count": 10,
  "tpr": 1.0,
  "fpr": 1.0,
  "tpr_pass": true,
  "fpr_pass": false,
  "gini": 0.8012369332670182,
  "gini_pass": false,
  "gini_warning": true,
  "balance_mean": 22.55045945338095,
  "balance_median": 4.227404066165258,
  "balance_std": 73.33011087680703,
  "vrf_fairness": 0.7068823529411765,
  "bloom_events": 17,
  "bloom_total_distributed": 3000.0,
  "bloom_unique_winners": 12,
  "bloom_max_wins": 5,
  "stabilization_median_days": 0.0,
  "stabilization_p25_days": 0.0,
  "stabilization_p75_days": 0.0,
  "stabilization_pass": true,
  "pct_reached_theta": 1.0,
  "community_stability": 0.929637526652452,
  "community_stability_pass": false,
  "num_communities": 938,
  "community_detections": 5,
  "honest_T_mean": 0.037809514012871887,
  "honest_T_std": 0.17095662980843995,
  "honest_E_mean": 0.4976532090533567,
  "honest_E_std": 0.0580452901011908,
  "honest_D_mean": 0.5,
  "honest_D_std": 0.0,
  "honest_S_mean": 0.2876187708573887,
  "honest_S_std": 0.023736955283806222,
  "honest_g_S_mean": 1.7809530728565282,
  "honest_g_S_std": 0.059342388209515554,
  "honest_balance_mean": 22.593856986260832,
  "honest_balance_std": 73.62492274614512,
  "honest_F_rate": 1.0,
  "attacker_T_mean": 0.06462578200755617,
  "attacker_T_std": 0.19786935846776216,
  "attacker_E_mean": 0.45,
  "attacker_E_std": 0.15811388300841897,
  "attacker_D_mean": 0.5,
  "attacker_D_std": 0.0,
  "attacker_S_mean": 0.2696746479976184,
  "attacker_S_std": 0.044227540364861914,
  "attacker_g_S_mean": 1.825813380005954,
  "attacker_g_S_std": 0.11056885091215485,
  "attacker_balance_mean": 13.744011807596308,
  "attacker_balance_std": 25.35935062925422,
  "attacker_F_rate": 1.0,
  "test_id": "DOE_r07_DOE_A10",
  "scenario": "A",
  "scenario_name": "Simple Sybil k=10",
  "network_size": 1000,
  "params": {
    "kappa": 2.5,
    "theta": 0.6,
    "beta": 2.0,
    "bloom_interval": 7,
    "deterministic_ratio": 0.75,
    "grace_period": 30,
    "community_cycle": 30,
    "use_network_distance": false
  }
}