{
  "sybil_roi": 70.22176897871267,
  "sybil_roi_threshold": 0.2,
  "sybil_roi_pass": false,
  "honest_avg_balance": 36.02066633791627,
  "attacker_avg_balance": 2529.4349100404484,
  "honest_total_balance": 35840.56300622669,
  "attacker_total_balance": 12647.174550202242,
  "attacker_count": 5,
  "tpr": 0.0,
  "fpr": 0.0010050251256281408,
  "tpr_pass": false,
  "fpr_pass": true,
  "gini": 0.6187197195073528,
  "gini_pass": false,
  "gini_warning": true,
  "balance_mean": 48.487737556428925,
  "balance_median": 25.59276565853179,
  "balance_std": 183.0648500749165,
  "vrf_fairness": 0.8343333333333334,
  "bloom_events": 12,
  "bloom_total_distributed": 4225.0,
  "bloom_unique_winners": 11,
  "bloom_max_wins": 2,
  "stabilization_median_days": 0.0,
  "stabilization_p25_days": 0.0,
  "stabilization_p75_days": 0.0,
  "stabilization_pass": true,
  "pct_reached_theta": 1.0,
  "community_stability": 0.84375,
  "community_stability_pass": false,
  "num_communities": 27,
  "community_detections": 5,
  "honest_T_mean": 0.7969723947832117,
  "honest_T_std": 0.10498765593821915,
  "honest_E_mean": 0.8562026424592747,
  "honest_E_std": 0.07301920794157658,
  "honest_D_mean": 0.5,
  "honest_D_std": 0.0,
  "honest_S_mean": 0.6890060288100384,
  "honest_S_std": 0.04294407539081198,
  "honest_g_S_mean": 1.0000296708233625,
  "honest_g_S_std": 0.0009359251947766738,
  "honest_balance_mean": 36.02066633791627,
  "honest_balance_std": 35.513152009541855,
  "honest_F_rate": 0.0010050251256281408,
  "attacker_T_mean": 0.3033408830059524,
  "attacker_T_std": 0.07336546853653837,
  "attacker_E_mean": 0.9808961367578348,
  "attacker_E_std": 0.01001556708897704,
  "attacker_D_mean": 0.5,
  "attacker_D_std": 0.0,
  "attacker_S_mean": 0.5887837284638897,
  "attacker_S_std": 0.04204973904852946,
  "attacker_g_S_mean": 1.0,
  "attacker_g_S_std": 0.0,
  "attacker_balance_mean": 2529.4349100404484,
  "attacker_balance_std": 576.4064066192472,
  "attacker_F_rate": 0.0,
  "test_id": "DOE_r12_DOE_C5",
  "scenario": "C",
  "scenario_name": "Loop attack k=5",
  "network_size": 1000,
  "params": {
    "kappa": 0.5,
    "theta": 0.35,
    "beta": 2.0,
    "bloom_interval": 14,
    "deterministic_ratio": 0.75,
    "grace_period": 30,
    "community_cycle": 30,
    "use_network_distance": false
  }
}