{
  "sybil_roi": 0.6587169598355839,
  "sybil_roi_threshold": 0.1,
  "sybil_roi_pass": false,
  "honest_avg_balance": 43.58740917138199,
  "attacker_avg_balance": 28.71176565648239,
  "honest_total_balance": 43151.535079668174,
  "attacker_total_balance": 287.1176565648239,
  "attacker_count": 10,
  "tpr": 0.8,
  "fpr": 0.8757575757575757,
  "tpr_pass": false,
  "fpr_pass": false,
  "gini": 0.733438963062879,
  "gini_pass": false,
  "gini_warning": true,
  "balance_mean": 43.438652736232996,
  "balance_median": 12.230554070146184,
  "balance_std": 104.01419185822124,
  "vrf_fairness": 0.9176666666666666,
  "bloom_events": 12,
  "bloom_total_distributed": 4225.0,
  "bloom_unique_winners": 12,
  "bloom_max_wins": 1,
  "stabilization_median_days": 0.0,
  "stabilization_p25_days": 0.0,
  "stabilization_p75_days": 0.0,
  "stabilization_pass": true,
  "pct_reached_theta": 1.0,
  "community_stability": 0.9643734643734644,
  "community_stability_pass": true,
  "num_communities": 814,
  "community_detections": 5,
  "honest_T_mean": 0.1129967534580315,
  "honest_T_std": 0.2622159437621644,
  "honest_E_mean": 0.4784910498117057,
  "honest_E_std": 0.10942897111118244,
  "honest_D_mean": 0.5,
  "honest_D_std": 0.0,
  "honest_S_mean": 0.35125854957394836,
  "honest_S_std": 0.05376808939498174,
  "honest_g_S_mean": 1.0286955730007485,
  "honest_g_S_std": 0.0607436040010994,
  "honest_balance_mean": 43.58740917138199,
  "honest_balance_std": 104.47864700782934,
  "honest_F_rate": 0.8757575757575757,
  "attacker_T_mean": 0.16988684182247935,
  "attacker_T_std": 0.3195597028308663,
  "attacker_E_mean": 0.5445108547687078,
  "attacker_E_std": 0.09425830002431335,
  "attacker_D_mean": 0.5,
  "attacker_D_std": 0.0,
  "attacker_S_mean": 0.3768327860719644,
  "attacker_S_std": 0.12189523390659383,
  "attacker_g_S_mean": 1.0497021030906557,
  "attacker_g_S_std": 0.13166204014215105,
  "attacker_balance_mean": 28.71176565648239,
  "attacker_balance_std": 48.35904212345042,
  "attacker_F_rate": 0.8,
  "test_id": "DOE_r09_DOE_A10",
  "scenario": "A",
  "scenario_name": "Simple Sybil k=10",
  "network_size": 1000,
  "params": {
    "kappa": 2.5,
    "theta": 0.35,
    "beta": 0.5,
    "bloom_interval": 14,
    "deterministic_ratio": 0.75,
    "grace_period": 30,
    "community_cycle": 30,
    "use_network_distance": false
  }
}