{
  "sybil_roi": 72.78461473672307,
  "sybil_roi_threshold": 0.2,
  "sybil_roi_pass": false,
  "honest_avg_balance": 35.70943968426959,
  "attacker_avg_balance": 2599.0978098838123,
  "honest_total_balance": 35530.89248584824,
  "attacker_total_balance": 12995.489049419062,
  "attacker_count": 5,
  "tpr": 0.0,
  "fpr": 0.021105527638190954,
  "tpr_pass": false,
  "fpr_pass": false,
  "gini": 0.616694732986871,
  "gini_pass": false,
  "gini_warning": true,
  "balance_mean": 48.526381535267305,
  "balance_median": 26.331803215387758,
  "balance_std": 188.42157250665326,
  "vrf_fairness": 0.961,
  "bloom_events": 25,
  "bloom_total_distributed": 4400.0,
  "bloom_unique_winners": 25,
  "bloom_max_wins": 1,
  "stabilization_median_days": 0.0,
  "stabilization_p25_days": 0.0,
  "stabilization_p75_days": 0.0,
  "stabilization_pass": true,
  "pct_reached_theta": 1.0,
  "community_stability": 0.9655172413793104,
  "community_stability_pass": true,
  "num_communities": 29,
  "community_detections": 5,
  "honest_T_mean": 0.7984206807010926,
  "honest_T_std": 0.10323979855193295,
  "honest_E_mean": 0.8577123747832427,
  "honest_E_std": 0.0809735183142017,
  "honest_D_mean": 0.5,
  "honest_D_std": 0.0,
  "honest_S_mean": 0.7114473200983756,
  "honest_S_std": 0.049853271318349476,
  "honest_g_S_mean": 1.0006976581226827,
  "honest_g_S_std": 0.008228867548440637,
  "honest_balance_mean": 35.70943968426959,
  "honest_balance_std": 35.23502713044924,
  "honest_F_rate": 0.021105527638190954,
  "attacker_T_mean": 0.3033408830059524,
  "attacker_T_std": 0.07336546853653837,
  "attacker_E_mean": 0.9808961367578348,
  "attacker_E_std": 0.01001556708897704,
  "attacker_D_mean": 0.5,
  "attacker_D_std": 0.0,
  "attacker_S_mean": 0.6340867029638043,
  "attacker_S_std": 0.029622778188548807,
  "attacker_g_S_mean": 1.0,
  "attacker_g_S_std": 0.0,
  "attacker_balance_mean": 2599.0978098838123,
  "attacker_balance_std": 628.1132875242962,
  "attacker_F_rate": 0.0,
  "test_id": "DOE_r02_DOE_C5",
  "scenario": "C",
  "scenario_name": "Loop attack k=5",
  "network_size": 1000,
  "params": {
    "kappa": 0.5,
    "theta": 0.6,
    "beta": 0.5,
    "bloom_interval": 7,
    "deterministic_ratio": 0.75,
    "grace_period": 30,
    "community_cycle": 30,
    "use_network_distance": false
  }
}