{
  "sybil_roi": 0.5638422699478037,
  "sybil_roi_threshold": 0.1,
  "sybil_roi_pass": false,
  "honest_avg_balance": 45.15910713281048,
  "attacker_avg_balance": 25.462613474579918,
  "honest_total_balance": 44707.516061482376,
  "attacker_total_balance": 254.62613474579916,
  "attacker_count": 10,
  "tpr": 0.8,
  "fpr": 0.8858585858585859,
  "tpr_pass": false,
  "fpr_pass": false,
  "gini": 0.7455795142147683,
  "gini_pass": false,
  "gini_warning": true,
  "balance_mean": 44.96214219622817,
  "balance_median": 12.010061295820464,
  "balance_std": 114.54274297514652,
  "vrf_fairness": 0.9176666666666666,
  "bloom_events": 12,
  "bloom_total_distributed": 4225.0,
  "bloom_unique_winners": 12,
  "bloom_max_wins": 1,
  "stabilization_median_days": 0.0,
  "stabilization_p25_days": 0.0,
  "stabilization_p75_days": 0.0,
  "stabilization_pass": true,
  "pct_reached_theta": 1.0,
  "community_stability": 0.9780755176613886,
  "community_stability_pass": true,
  "num_communities": 821,
  "community_detections": 5,
  "honest_T_mean": 0.1172216906408627,
  "honest_T_std": 0.2669493908263705,
  "honest_E_mean": 0.4705537446681397,
  "honest_E_std": 0.12205115669557766,
  "honest_D_mean": 0.5,
  "honest_D_std": 0.0,
  "honest_S_mean": 0.3505838226637467,
  "honest_S_std": 0.05446645027225447,
  "honest_g_S_mean": 1.005578477779471,
  "honest_g_S_std": 0.013537626256407484,
  "honest_balance_mean": 45.15910713281048,
  "honest_balance_std": 115.06515909223788,
  "honest_F_rate": 0.8858585858585859,
  "attacker_T_mean": 0.17273805367096895,
  "attacker_T_std": 0.2466575788789433,
  "attacker_E_mean": 0.4195831254696749,
  "attacker_E_std": 0.16336893266692498,
  "attacker_D_mean": 0.5,
  "attacker_D_std": 0.0,
  "attacker_S_mean": 0.3467712642018994,
  "attacker_S_std": 0.06058697022561921,
  "attacker_g_S_mean": 1.0093733830126705,
  "attacker_g_S_std": 0.020790403139646967,
  "attacker_balance_mean": 25.462613474579918,
  "attacker_balance_std": 49.27057620545936,
  "attacker_F_rate": 0.8,
  "test_id": "DOE_r08_DOE_A10",
  "scenario": "A",
  "scenario_name": "Simple Sybil k=10",
  "network_size": 1000,
  "params": {
    "kappa": 0.5,
    "theta": 0.35,
    "beta": 0.5,
    "bloom_interval": 14,
    "deterministic_ratio": 0.75,
    "grace_period": 30,
    "community_cycle": 30,
    "use_network_distance": false
  }
}