{
  "sybil_roi": 0.7819018119445721,
  "sybil_roi_threshold": 0.1,
  "sybil_roi_pass": false,
  "honest_avg_balance": 40.71753718315665,
  "attacker_avg_balance": 31.837116101430674,
  "honest_total_balance": 40310.361811325085,
  "attacker_total_balance": 318.3711610143067,
  "attacker_count": 10,
  "tpr": 1.0,
  "fpr": 0.9919191919191919,
  "tpr_pass": true,
  "fpr_pass": false,
  "gini": 0.810029709055085,
  "gini_pass": false,
  "gini_warning": true,
  "balance_mean": 40.71015327889719,
  "balance_median": 6.9267728947009335,
  "balance_std": 116.85575068674761,
  "vrf_fairness": 0.8343333333333334,
  "bloom_events": 12,
  "bloom_total_distributed": 4225.0,
  "bloom_unique_winners": 9,
  "bloom_max_wins": 2,
  "stabilization_median_days": 0.0,
  "stabilization_p25_days": 0.0,
  "stabilization_p75_days": 0.0,
  "stabilization_pass": true,
  "pct_reached_theta": 1.0,
  "community_stability": 0.9464922711058263,
  "community_stability_pass": false,
  "num_communities": 841,
  "community_detections": 5,
  "honest_T_mean": 0.0792990237762815,
  "honest_T_std": 0.22761181362019592,
  "honest_E_mean": 0.4841060171591949,
  "honest_E_std": 0.1068726079701156,
  "honest_D_mean": 0.5,
  "honest_D_std": 0.0,
  "honest_S_mean": 0.3427570246354595,
  "honest_S_std": 0.05025046667425405,
  "honest_g_S_mean": 1.1289413822083894,
  "honest_g_S_std": 0.022975557988086103,
  "honest_balance_mean": 40.71753718315665,
  "honest_balance_std": 117.31471319695454,
  "honest_F_rate": 0.9919191919191919,
  "attacker_T_mean": 0.15819184712743023,
  "attacker_T_std": 0.312365209219234,
  "attacker_E_mean": 0.4496890876449161,
  "attacker_E_std": 0.1580076607247063,
  "attacker_D_mean": 0.5,
  "attacker_D_std": 0.0,
  "attacker_S_mean": 0.32920086170351365,
  "attacker_S_std": 0.08231463443992222,
  "attacker_g_S_mean": 1.135399569148243,
  "attacker_g_S_std": 0.04115731721996113,
  "attacker_balance_mean": 31.837116101430674,
  "attacker_balance_std": 46.10547773606697,
  "attacker_F_rate": 1.0,
  "test_id": "DOE_r10_DOE_A10",
  "scenario": "A",
  "scenario_name": "Simple Sybil k=10",
  "network_size": 1000,
  "params": {
    "kappa": 0.5,
    "theta": 0.6,
    "beta": 0.5,
    "bloom_interval": 14,
    "deterministic_ratio": 0.75,
    "grace_period": 30,
    "community_cycle": 30,
    "use_network_distance": false
  }
}