{
  "sybil_roi": 71.5930345920096,
  "sybil_roi_threshold": 0.2,
  "sybil_roi_pass": false,
  "honest_avg_balance": 35.781102913410336,
  "attacker_avg_balance": 2561.677738620042,
  "honest_total_balance": 35602.19739884329,
  "attacker_total_balance": 12808.38869310021,
  "attacker_count": 5,
  "tpr": 0.0,
  "fpr": 0.02914572864321608,
  "tpr_pass": false,
  "fpr_pass": false,
  "gini": 0.622457870401145,
  "gini_pass": false,
  "gini_warning": true,
  "balance_mean": 48.41058609194349,
  "balance_median": 24.586847283698326,
  "balance_std": 184.46801812000686,
  "vrf_fairness": 0.9176666666666666,
  "bloom_events": 12,
  "bloom_total_distributed": 4225.0,
  "bloom_unique_winners": 12,
  "bloom_max_wins": 1,
  "stabilization_median_days": 0.0,
  "stabilization_p25_days": 0.0,
  "stabilization_p75_days": 0.0,
  "stabilization_pass": true,
  "pct_reached_theta": 1.0,
  "community_stability": 0.9310344827586207,
  "community_stability_pass": false,
  "num_communities": 27,
  "community_detections": 5,
  "honest_T_mean": 0.7957485468842423,
  "honest_T_std": 0.10747927182938888,
  "honest_E_mean": 0.8555268771348168,
  "honest_E_std": 0.07664305022932301,
  "honest_D_mean": 0.5,
  "honest_D_std": 0.0,
  "honest_S_mean": 0.7099315435639124,
  "honest_S_std": 0.05118406234736125,
  "honest_g_S_mean": 1.0008421628793294,
  "honest_g_S_std": 0.00866994692871889,
  "honest_balance_mean": 35.781102913410336,
  "honest_balance_std": 35.589056766134256,
  "honest_F_rate": 0.02914572864321608,
  "attacker_T_mean": 0.3033408830059524,
  "attacker_T_std": 0.07336546853653837,
  "attacker_E_mean": 0.9808961367578348,
  "attacker_E_std": 0.01001556708897704,
  "attacker_D_mean": 0.5,
  "attacker_D_std": 0.0,
  "attacker_S_mean": 0.6334571946402663,
  "attacker_S_std": 0.02959336929959275,
  "attacker_g_S_mean": 1.0,
  "attacker_g_S_std": 0.0,
  "attacker_balance_mean": 2561.677738620042,
  "attacker_balance_std": 507.0017276537412,
  "attacker_F_rate": 0.0,
  "test_id": "DOE_r10_DOE_C5",
  "scenario": "C",
  "scenario_name": "Loop attack k=5",
  "network_size": 1000,
  "params": {
    "kappa": 0.5,
    "theta": 0.6,
    "beta": 0.5,
    "bloom_interval": 14,
    "deterministic_ratio": 0.75,
    "grace_period": 30,
    "community_cycle": 30,
    "use_network_distance": false
  }
}