{
  "sybil_roi": 0.5460038927522551,
  "sybil_roi_threshold": 0.1,
  "sybil_roi_pass": false,
  "honest_avg_balance": 40.83094588817515,
  "attacker_avg_balance": 22.293855399700316,
  "honest_total_balance": 40422.6364292934,
  "attacker_total_balance": 222.93855399700317,
  "attacker_count": 10,
  "tpr": 0.6,
  "fpr": 0.9030303030303031,
  "tpr_pass": false,
  "fpr_pass": false,
  "gini": 0.7711718116843318,
  "gini_pass": false,
  "gini_warning": true,
  "balance_mean": 40.6455749832904,
  "balance_median": 8.562594060666818,
  "balance_std": 101.40849425828107,
  "vrf_fairness": 0.9176666666666666,
  "bloom_events": 12,
  "bloom_total_distributed": 4225.0,
  "bloom_unique_winners": 12,
  "bloom_max_wins": 1,
  "stabilization_median_days": 0.0,
  "stabilization_p25_days": 0.0,
  "stabilization_p75_days": 0.0,
  "stabilization_pass": true,
  "pct_reached_theta": 1.0,
  "community_stability": 0.9935233160621761,
  "community_stability_pass": true,
  "num_communities": 772,
  "community_detections": 5,
  "honest_T_mean": 0.12714379671775106,
  "honest_T_std": 0.27351274332699366,
  "honest_E_mean": 0.4746875788227039,
  "honest_E_std": 0.12007749849980022,
  "honest_D_mean": 0.5,
  "honest_D_std": 0.0,
  "honest_S_mean": 0.3150322357151158,
  "honest_S_std": 0.054521439144128984,
  "honest_g_S_mean": 1.1087963783293626,
  "honest_g_S_std": 0.08789821055796586,
  "honest_balance_mean": 40.83094588817515,
  "honest_balance_std": 101.85934763997643,
  "honest_F_rate": 0.9030303030303031,
  "attacker_T_mean": 0.30825761815408403,
  "attacker_T_std": 0.40152153560935994,
  "attacker_E_mean": 0.549031354874759,
  "attacker_E_std": 0.10709065041143938,
  "attacker_D_mean": 0.5,
  "attacker_D_std": 0.0,
  "attacker_S_mean": 0.36966842745701844,
  "attacker_S_std": 0.12371853653849287,
  "attacker_g_S_mean": 1.0924797425107395,
  "attacker_g_S_std": 0.14915143844149525,
  "attacker_balance_mean": 22.29385539970032,
  "attacker_balance_std": 46.04674550317639,
  "attacker_F_rate": 0.6,
  "test_id": "DOE_r13_DOE_A10",
  "scenario": "A",
  "scenario_name": "Simple Sybil k=10",
  "network_size": 1000,
  "params": {
    "kappa": 2.5,
    "theta": 0.35,
    "beta": 2.0,
    "bloom_interval": 14,
    "deterministic_ratio": 0.75,
    "grace_period": 30,
    "community_cycle": 30,
    "use_network_distance": false
  }
}