{
  "sybil_roi": 71.23759113307975,
  "sybil_roi_threshold": 0.2,
  "sybil_roi_pass": false,
  "honest_avg_balance": 35.85875081331017,
  "attacker_avg_balance": 2554.4910289815803,
  "honest_total_balance": 35679.457059243614,
  "attacker_total_balance": 12772.4551449079,
  "attacker_count": 5,
  "tpr": 0.0,
  "fpr": 0.032160804020100506,
  "tpr_pass": false,
  "fpr_pass": false,
  "gini": 0.6291878554833139,
  "gini_pass": false,
  "gini_warning": true,
  "balance_mean": 48.45191220415152,
  "balance_median": 25.323514532293736,
  "balance_std": 185.1159104849311,
  "vrf_fairness": 0.921,
  "bloom_events": 25,
  "bloom_total_distributed": 4400.0,
  "bloom_unique_winners": 24,
  "bloom_max_wins": 2,
  "stabilization_median_days": 0.0,
  "stabilization_p25_days": 0.0,
  "stabilization_p75_days": 0.0,
  "stabilization_pass": true,
  "pct_reached_theta": 1.0,
  "community_stability": 0.9666666666666667,
  "community_stability_pass": true,
  "num_communities": 30,
  "community_detections": 5,
  "honest_T_mean": 0.7999943489922006,
  "honest_T_std": 0.1014663979879851,
  "honest_E_mean": 0.8566147621250928,
  "honest_E_std": 0.06802419332121053,
  "honest_D_mean": 0.5,
  "honest_D_std": 0.0,
  "honest_S_mean": 0.7117283733832342,
  "honest_S_std": 0.046596042088989834,
  "honest_g_S_mean": 1.0021718375740853,
  "honest_g_S_std": 0.017721105364777216,
  "honest_balance_mean": 35.85875081331017,
  "honest_balance_std": 36.749112353286584,
  "honest_F_rate": 0.032160804020100506,
  "attacker_T_mean": 0.3033408830059524,
  "attacker_T_std": 0.07336546853653837,
  "attacker_E_mean": 0.9808961367578348,
  "attacker_E_std": 0.01001556708897704,
  "attacker_D_mean": 0.5,
  "attacker_D_std": 0.0,
  "attacker_S_mean": 0.6339689699508033,
  "attacker_S_std": 0.029617278027587696,
  "attacker_g_S_mean": 1.0,
  "attacker_g_S_std": 0.0,
  "attacker_balance_mean": 2554.4910289815803,
  "attacker_balance_std": 584.4978593039057,
  "attacker_F_rate": 0.0,
  "test_id": "DOE_r03_DOE_C5",
  "scenario": "C",
  "scenario_name": "Loop attack k=5",
  "network_size": 1000,
  "params": {
    "kappa": 2.5,
    "theta": 0.6,
    "beta": 0.5,
    "bloom_interval": 7,
    "deterministic_ratio": 0.75,
    "grace_period": 30,
    "community_cycle": 30,
    "use_network_distance": false
  }
}