{
  "sybil_roi": 0.6418125572623089,
  "sybil_roi_threshold": 0.1,
  "sybil_roi_pass": false,
  "honest_avg_balance": 40.96823041474815,
  "attacker_avg_balance": 26.293924729001013,
  "honest_total_balance": 40558.54811060067,
  "attacker_total_balance": 262.93924729001014,
  "attacker_count": 10,
  "tpr": 0.8,
  "fpr": 0.9,
  "tpr_pass": false,
  "fpr_pass": false,
  "gini": 0.7695194042699085,
  "gini_pass": false,
  "gini_warning": true,
  "balance_mean": 40.821487357890675,
  "balance_median": 8.65647123642714,
  "balance_std": 103.25066468471071,
  "vrf_fairness": 0.921,
  "bloom_events": 25,
  "bloom_total_distributed": 4400.0,
  "bloom_unique_winners": 23,
  "bloom_max_wins": 2,
  "stabilization_median_days": 0.0,
  "stabilization_p25_days": 0.0,
  "stabilization_p75_days": 0.0,
  "stabilization_pass": true,
  "pct_reached_theta": 1.0,
  "community_stability": 0.9509433962264151,
  "community_stability_pass": true,
  "num_communities": 795,
  "community_detections": 5,
  "honest_T_mean": 0.12806213302024896,
  "honest_T_std": 0.2778968621902226,
  "honest_E_mean": 0.4771179789654195,
  "honest_E_std": 0.1198358646309776,
  "honest_D_mean": 0.5,
  "honest_D_std": 0.0,
  "honest_S_mean": 0.31663087766535547,
  "honest_S_std": 0.06007186517424102,
  "honest_g_S_mean": 1.1075534750556273,
  "honest_g_S_std": 0.08757058551619241,
  "honest_balance_mean": 40.96823041474815,
  "honest_balance_std": 103.72192588146093,
  "honest_F_rate": 0.9,
  "attacker_T_mean": 0.32296764535295,
  "attacker_T_std": 0.34776351581352194,
  "attacker_E_mean": 0.3439262138677127,
  "attacker_E_std": 0.23767976364057178,
  "attacker_D_mean": 0.5,
  "attacker_D_std": 0.0,
  "attacker_S_mean": 0.30445674305440945,
  "attacker_S_std": 0.09372133981803722,
  "attacker_g_S_mean": 1.1627813453182902,
  "attacker_g_S_std": 0.16117951138804823,
  "attacker_balance_mean": 26.293924729001013,
  "attacker_balance_std": 45.54685904598298,
  "attacker_F_rate": 0.8,
  "test_id": "DOE_r05_DOE_A10",
  "scenario": "A",
  "scenario_name": "Simple Sybil k=10",
  "network_size": 1000,
  "params": {
    "kappa": 2.5,
    "theta": 0.35,
    "beta": 2.0,
    "bloom_interval": 7,
    "deterministic_ratio": 0.75,
    "grace_period": 30,
    "community_cycle": 30,
    "use_network_distance": false
  }
}