{
  "sybil_roi": 0.250410765165831,
  "sybil_roi_threshold": 1.0,
  "sybil_roi_pass": true,
  "honest_avg_balance": 45.455848918589986,
  "attacker_avg_balance": 11.382633908966529,
  "honest_total_balance": 45410.393069671394,
  "attacker_total_balance": 11.382633908966529,
  "attacker_count": 1,
  "tpr": 0.0,
  "fpr": 0.12012012012012012,
  "tpr_pass": false,
  "fpr_pass": false,
  "gini": 0.6852209769246238,
  "gini_pass": false,
  "gini_warning": true,
  "balance_mean": 45.42177570358036,
  "balance_median": 16.57177164344409,
  "balance_std": 89.34912103117182,
  "vrf_fairness": 0.961,
  "bloom_events": 25,
  "bloom_total_distributed": 4400.0,
  "bloom_unique_winners": 25,
  "bloom_max_wins": 1,
  "stabilization_median_days": 0.0,
  "stabilization_p25_days": 0.0,
  "stabilization_p75_days": 0.0,
  "stabilization_pass": true,
  "pct_reached_theta": 1.0,
  "community_stability": 0.987546699875467,
  "community_stability_pass": true,
  "num_communities": 793,
  "community_detections": 5,
  "honest_T_mean": 0.10208678784105393,
  "honest_T_std": 0.2856342742164079,
  "honest_E_mean": 0.480711192943351,
  "honest_E_std": 0.13182307828954218,
  "honest_D_mean": 0.5,
  "honest_D_std": 0.0,
  "honest_S_mean": 0.3353978667791633,
  "honest_S_std": 0.06150292685597432,
  "honest_g_S_mean": 1.0073778345436728,
  "honest_g_S_std": 0.023373630020438737,
  "honest_balance_mean": 45.455848918589986,
  "honest_balance_std": 89.43210726391955,
  "honest_F_rate": 0.12012012012012012,
  "attacker_T_mean": 1.0,
  "attacker_T_std": NaN,
  "attacker_E_mean": 0.34568712394900786,
  "attacker_E_std": NaN,
  "attacker_D_mean": 0.5,
  "attacker_D_std": NaN,
  "attacker_S_mean": 0.6409460349937648,
  "attacker_S_std": NaN,
  "attacker_g_S_mean": 1.0,
  "attacker_g_S_std": NaN,
  "attacker_balance_mean": 11.382633908966529,
  "attacker_balance_std": NaN,
  "attacker_F_rate": 0.0,
  "test_id": "T001",
  "scenario": "A",
  "scenario_name": "Simple Sybil (baseline)",
  "network_size": 1000,
  "params": {
    "kappa": 1.0,
    "theta": 0.3,
    "beta": 1.0,
    "bloom_interval": 7,
    "deterministic_ratio": 0.75,
    "grace_period": 30,
    "community_cycle": 30
  }
}