{
  "sybil_roi": 0.6449620230957118,
  "sybil_roi_threshold": 0.1,
  "sybil_roi_pass": false,
  "honest_avg_balance": 45.26517496706119,
  "attacker_avg_balance": 29.194318822537156,
  "honest_total_balance": 44812.52321739058,
  "attacker_total_balance": 291.94318822537156,
  "attacker_count": 10,
  "tpr": 0.1,
  "fpr": 0.07777777777777778,
  "tpr_pass": false,
  "fpr_pass": false,
  "gini": 0.7020735778262015,
  "gini_pass": false,
  "gini_warning": true,
  "balance_mean": 45.10446640561596,
  "balance_median": 15.480003319286952,
  "balance_std": 101.83775413392172,
  "vrf_fairness": 0.921,
  "bloom_events": 25,
  "bloom_total_distributed": 4400.0,
  "bloom_unique_winners": 24,
  "bloom_max_wins": 2,
  "stabilization_median_days": 0.0,
  "stabilization_p25_days": 0.0,
  "stabilization_p75_days": 0.0,
  "stabilization_pass": true,
  "pct_reached_theta": 1.0,
  "community_stability": 0.9439140811455847,
  "community_stability_pass": false,
  "num_communities": 838,
  "community_detections": 5,
  "honest_T_mean": 0.08994933037955088,
  "honest_T_std": 0.2655749570661597,
  "honest_E_mean": 0.48390434200121357,
  "honest_E_std": 0.1362376777663447,
  "honest_D_mean": 0.5,
  "honest_D_std": 0.0,
  "honest_S_mean": 0.33108334910575177,
  "honest_S_std": 0.045717897319959,
  "honest_g_S_mean": 1.004242822430422,
  "honest_g_S_std": 0.018978905332601867,
  "honest_balance_mean": 45.26517496706119,
  "honest_balance_std": 102.2758007187782,
  "honest_F_rate": 0.07777777777777778,
  "attacker_T_mean": 0.2147219959242838,
  "attacker_T_std": 0.3573205761737118,
  "attacker_E_mean": 0.34999999999056025,
  "attacker_E_std": 0.2415229457850234,
  "attacker_D_mean": 0.5,
  "attacker_D_std": 0.0,
  "attacker_S_mean": 0.3247218179265054,
  "attacker_S_std": 0.06463240247076306,
  "attacker_g_S_mean": 1.0128244191222344,
  "attacker_g_S_std": 0.04055437409487809,
  "attacker_balance_mean": 29.194318822537156,
  "attacker_balance_std": 50.657445413877696,
  "attacker_F_rate": 0.1,
  "test_id": "T002",
  "scenario": "A",
  "scenario_name": "Simple Sybil",
  "network_size": 1000,
  "params": {
    "kappa": 1.0,
    "theta": 0.3,
    "beta": 1.0,
    "bloom_interval": 7,
    "deterministic_ratio": 0.75,
    "grace_period": 30,
    "community_cycle": 30
  }
}