{
  "sybil_roi": 69.74519725680219,
  "sybil_roi_threshold": 0.2,
  "sybil_roi_pass": false,
  "honest_avg_balance": 48.998724335416156,
  "attacker_avg_balance": 3417.4256941052736,
  "honest_total_balance": 489742.2497324845,
  "attacker_total_balance": 17087.128470526368,
  "attacker_count": 5,
  "tpr": 0.0,
  "fpr": 0.00010005002501250626,
  "tpr_pass": false,
  "fpr_pass": true,
  "gini": 0.5197526220306956,
  "gini_pass": false,
  "gini_warning": true,
  "balance_mean": 50.68293782030109,
  "balance_median": 33.45184915777655,
  "balance_std": 91.9555505237649,
  "vrf_fairness": 0.9601,
  "bloom_events": 25,
  "bloom_total_distributed": 44000.0,
  "bloom_unique_winners": 25,
  "bloom_max_wins": 1,
  "stabilization_median_days": 0.0,
  "stabilization_p25_days": 0.0,
  "stabilization_p75_days": 0.0,
  "stabilization_pass": true,
  "pct_reached_theta": 1.0,
  "community_stability": 0.974025974025974,
  "community_stability_pass": true,
  "num_communities": 75,
  "community_detections": 5,
  "honest_T_mean": 0.9995093795757919,
  "honest_T_std": 0.00986088805753212,
  "honest_E_mean": 0.7724150079407546,
  "honest_E_std": 0.11310409708905492,
  "honest_D_mean": 0.5,
  "honest_D_std": 0.0,
  "honest_S_mean": 0.7350310439121551,
  "honest_S_std": 0.03845707032616167,
  "honest_g_S_mean": 1.0000007203826433,
  "honest_g_S_std": 7.202025250554045e-05,
  "honest_balance_mean": 48.998724335416156,
  "honest_balance_std": 51.658345470302606,
  "honest_F_rate": 0.00010005002501250626,
  "attacker_T_mean": 1.0,
  "attacker_T_std": 0.0,
  "attacker_E_mean": 0.9985360673593611,
  "attacker_E_std": 0.0013697299652699784,
  "attacker_D_mean": 0.5,
  "attacker_D_std": 0.0,
  "attacker_S_mean": 0.7993818509131799,
  "attacker_S_std": 0.0003736743625166655,
  "attacker_g_S_mean": 1.0,
  "attacker_g_S_std": 0.0,
  "attacker_balance_mean": 3417.4256941052727,
  "attacker_balance_std": 544.3487299511636,
  "attacker_F_rate": 0.0,
  "test_id": "T006",
  "scenario": "C",
  "scenario_name": "High-frequency loop (entropy spoofing)",
  "network_size": 10000,
  "params": {
    "kappa": 1.0,
    "theta": 0.3,
    "beta": 1.0,
    "bloom_interval": 7,
    "deterministic_ratio": 0.75,
    "grace_period": 30,
    "community_cycle": 30
  }
}