{
  "sybil_roi": 0.9596570698742021,
  "sybil_roi_threshold": 0.05,
  "sybil_roi_pass": false,
  "honest_avg_balance": 40.06241199844587,
  "attacker_avg_balance": 38.446176910521636,
  "honest_total_balance": 39261.16375847695,
  "attacker_total_balance": 768.9235382104328,
  "attacker_count": 20,
  "tpr": 0.95,
  "fpr": 0.939795918367347,
  "tpr_pass": false,
  "fpr_pass": false,
  "gini": 0.7756396743734446,
  "gini_pass": false,
  "gini_warning": true,
  "balance_mean": 40.110307912512404,
  "balance_median": 7.898949676503545,
  "balance_std": 92.07702387768806,
  "vrf_fairness": 0.921,
  "bloom_events": 25,
  "bloom_total_distributed": 4400.0,
  "bloom_unique_winners": 22,
  "bloom_max_wins": 2,
  "stabilization_median_days": 0.0,
  "stabilization_p25_days": 0.0,
  "stabilization_p75_days": 0.0,
  "stabilization_pass": true,
  "pct_reached_theta": 1.0,
  "community_stability": 0.9914841849148418,
  "community_stability_pass": true,
  "num_communities": 822,
  "community_detections": 5,
  "honest_T_mean": 0.12476045797228641,
  "honest_T_std": 0.2807413386545135,
  "honest_E_mean": 0.47647275655321836,
  "honest_E_std": 0.1302767795564686,
  "honest_D_mean": 0.5198926295326457,
  "honest_D_std": 0.09774720306340566,
  "honest_S_mean": 0.3452864762852356,
  "honest_S_std": 0.0696378402881702,
  "honest_g_S_mean": 1.16655048337209,
  "honest_g_S_std": 0.07415777927020302,
  "honest_balance_mean": 40.06241199844587,
  "honest_balance_std": 92.53856154303688,
  "honest_F_rate": 0.939795918367347,
  "attacker_T_mean": 0.1472723373546571,
  "attacker_T_std": 0.3091212635080522,
  "attacker_E_mean": 0.4585942673225549,
  "attacker_E_std": 0.1296448460036768,
  "attacker_D_mean": 0.5169234767279465,
  "attacker_D_std": 0.11043639145510342,
  "attacker_S_mean": 0.346140806668905,
  "attacker_S_std": 0.05924325274666933,
  "attacker_g_S_mean": 1.1620935657872253,
  "attacker_g_S_std": 0.07035950889667622,
  "attacker_balance_mean": 38.44617691052165,
  "attacker_balance_std": 65.2233929259715,
  "attacker_F_rate": 0.95,
  "test_id": "T010_4L_k20",
  "scenario": "G",
  "scenario_name": "Distance axis (4L), k=20",
  "network_size": 1000,
  "params": {
    "kappa": 1.5,
    "theta": 0.45,
    "beta": 1.0,
    "bloom_interval": 7,
    "deterministic_ratio": 0.75,
    "grace_period": 30,
    "community_cycle": 30,
    "use_network_distance": true
  }
}