{
  "sybil_roi": 0.2631516174021941,
  "sybil_roi_threshold": 0.2,
  "sybil_roi_pass": false,
  "honest_avg_balance": 39.197171331290555,
  "attacker_avg_balance": 10.314799033420023,
  "honest_total_balance": 39001.185474634105,
  "attacker_total_balance": 51.573995167100115,
  "attacker_count": 5,
  "tpr": 1.0,
  "fpr": 0.9597989949748744,
  "tpr_pass": true,
  "fpr_pass": false,
  "gini": 0.7855706394724002,
  "gini_pass": false,
  "gini_warning": true,
  "balance_mean": 39.09185132112233,
  "balance_median": 8.013972450812128,
  "balance_std": 106.11851479641078,
  "vrf_fairness": 0.881,
  "bloom_events": 25,
  "bloom_total_distributed": 4400.0,
  "bloom_unique_winners": 21,
  "bloom_max_wins": 3,
  "stabilization_median_days": 0.0,
  "stabilization_p25_days": 0.0,
  "stabilization_p75_days": 0.0,
  "stabilization_pass": true,
  "pct_reached_theta": 1.0,
  "community_stability": 0.9878934624697336,
  "community_stability_pass": true,
  "num_communities": 816,
  "community_detections": 5,
  "honest_T_mean": 0.09863530767292905,
  "honest_T_std": 0.24517530317124184,
  "honest_E_mean": 0.4751535729306924,
  "honest_E_std": 0.12316045272372589,
  "honest_D_mean": 0.5,
  "honest_D_std": 0.0,
  "honest_S_mean": 0.3335151713305049,
  "honest_S_std": 0.056044115633284305,
  "honest_g_S_mean": 1.179544080697969,
  "honest_g_S_std": 0.06561063974650758,
  "honest_balance_mean": 39.197171331290555,
  "honest_balance_std": 106.36839973743464,
  "honest_F_rate": 0.9597989949748744,
  "attacker_T_mean": 0.12853022930006022,
  "attacker_T_std": 0.2873683860816969,
  "attacker_E_mean": 0.4356207187105552,
  "attacker_E_std": 0.143956449305779,
  "attacker_D_mean": 0.5,
  "attacker_D_std": 0.0,
  "attacker_S_mean": 0.33493458434054535,
  "attacker_S_std": 0.006281320012812656,
  "attacker_g_S_mean": 1.1725981234891818,
  "attacker_g_S_std": 0.009421980019219017,
  "attacker_balance_mean": 10.314799033420021,
  "attacker_balance_std": 15.02948595124093,
  "attacker_F_rate": 1.0,
  "test_id": "T010_3L_k5",
  "scenario": "G",
  "scenario_name": "Distance axis (3L), k=5",
  "network_size": 1000,
  "params": {
    "kappa": 1.5,
    "theta": 0.45,
    "beta": 1.0,
    "bloom_interval": 7,
    "deterministic_ratio": 0.75,
    "grace_period": 30,
    "community_cycle": 30,
    "use_network_distance": false
  }
}