{
  "sybil_roi": 0.3510141310738974,
  "sybil_roi_threshold": 1.0,
  "sybil_roi_pass": true,
  "honest_avg_balance": 39.454287783870825,
  "attacker_avg_balance": 13.849012543594903,
  "honest_total_balance": 39414.833496086954,
  "attacker_total_balance": 13.849012543594903,
  "attacker_count": 1,
  "tpr": 0.0,
  "fpr": 0.95995995995996,
  "tpr_pass": false,
  "fpr_pass": false,
  "gini": 0.7800674913450725,
  "gini_pass": false,
  "gini_warning": true,
  "balance_mean": 39.547324482076775,
  "balance_median": 8.20080073055402,
  "balance_std": 97.22978802117994,
  "vrf_fairness": 0.921,
  "bloom_events": 25,
  "bloom_total_distributed": 4400.0,
  "bloom_unique_winners": 22,
  "bloom_max_wins": 2,
  "stabilization_median_days": 0.0,
  "stabilization_p25_days": 0.0,
  "stabilization_p75_days": 0.0,
  "stabilization_pass": true,
  "pct_reached_theta": 1.0,
  "community_stability": 0.9964200477326969,
  "community_stability_pass": true,
  "num_communities": 835,
  "community_detections": 5,
  "honest_T_mean": 0.08593698662455422,
  "honest_T_std": 0.2349126104793465,
  "honest_E_mean": 0.48185659398310754,
  "honest_E_std": 0.10852523929862494,
  "honest_D_mean": 0.5132713087090738,
  "honest_D_std": 0.08118775052011357,
  "honest_S_mean": 0.33355003439065445,
  "honest_S_std": 0.06053806773068881,
  "honest_g_S_mean": 1.1814988671174558,
  "honest_g_S_std": 0.06325644035009935,
  "honest_balance_mean": 39.454287783870825,
  "honest_balance_std": 97.20180083719046,
  "honest_F_rate": 0.95995995995996,
  "attacker_T_mean": 0.9278848412356017,
  "attacker_T_std": NaN,
  "attacker_E_mean": 0.496890876449161,
  "attacker_E_std": NaN,
  "attacker_D_mean": 0.7165313105737893,
  "attacker_D_std": NaN,
  "attacker_S_mean": 0.47961297776681516,
  "attacker_S_std": NaN,
  "attacker_g_S_mean": 1.0,
  "attacker_g_S_std": NaN,
  "attacker_balance_mean": 13.849012543594903,
  "attacker_balance_std": NaN,
  "attacker_F_rate": 0.0,
  "test_id": "T010_4L_k1",
  "scenario": "G",
  "scenario_name": "Distance axis (4L), k=1",
  "network_size": 1000,
  "params": {
    "kappa": 1.5,
    "theta": 0.45,
    "beta": 1.0,
    "bloom_interval": 7,
    "deterministic_ratio": 0.75,
    "grace_period": 30,
    "community_cycle": 30,
    "use_network_distance": true
  }
}