{
  "sybil_roi": 0.8440981050981733,
  "sybil_roi_threshold": 0.02,
  "sybil_roi_pass": false,
  "honest_avg_balance": 40.745330728336825,
  "attacker_avg_balance": 34.39305645938749,
  "honest_total_balance": 38708.064191919984,
  "attacker_total_balance": 1719.6528229693743,
  "attacker_count": 50,
  "tpr": 0.94,
  "fpr": 0.9252631578947368,
  "tpr_pass": false,
  "fpr_pass": false,
  "gini": 0.7799000259625135,
  "gini_pass": false,
  "gini_warning": true,
  "balance_mean": 40.508734483857076,
  "balance_median": 8.659477347556862,
  "balance_std": 100.06725809177986,
  "vrf_fairness": 0.921,
  "bloom_events": 25,
  "bloom_total_distributed": 4400.0,
  "bloom_unique_winners": 24,
  "bloom_max_wins": 2,
  "stabilization_median_days": 0.0,
  "stabilization_p25_days": 0.0,
  "stabilization_p75_days": 0.0,
  "stabilization_pass": true,
  "pct_reached_theta": 1.0,
  "community_stability": 0.9936224489795918,
  "community_stability_pass": true,
  "num_communities": 779,
  "community_detections": 5,
  "honest_T_mean": 0.13856043651983807,
  "honest_T_std": 0.295825018351292,
  "honest_E_mean": 0.48566297996106556,
  "honest_E_std": 0.12535003741943204,
  "honest_D_mean": 0.5160036046868294,
  "honest_D_std": 0.10146264965411866,
  "honest_S_mean": 0.3536961186399157,
  "honest_S_std": 0.07316247814024168,
  "honest_g_S_mean": 1.1554032486424315,
  "honest_g_S_std": 0.0767715667100744,
  "honest_balance_mean": 40.745330728336825,
  "honest_balance_std": 100.75660306832297,
  "honest_F_rate": 0.9252631578947368,
  "attacker_T_mean": 0.16521362029098452,
  "attacker_T_std": 0.31441064182507056,
  "attacker_E_mean": 0.4790522928092706,
  "attacker_E_std": 0.12496329060821736,
  "attacker_D_mean": 0.5298788002551821,
  "attacker_D_std": 0.0887945673690698,
  "attacker_S_mean": 0.35000055152929815,
  "attacker_S_std": 0.07154162935086583,
  "attacker_g_S_mean": 1.1619385653289653,
  "attacker_g_S_std": 0.07201610258022445,
  "attacker_balance_mean": 34.39305645938748,
  "attacker_balance_std": 85.79060582828048,
  "attacker_F_rate": 0.94,
  "test_id": "T010_4L_k50",
  "scenario": "G",
  "scenario_name": "Distance axis (4L), k=50",
  "network_size": 1000,
  "params": {
    "kappa": 1.5,
    "theta": 0.45,
    "beta": 1.0,
    "bloom_interval": 7,
    "deterministic_ratio": 0.75,
    "grace_period": 30,
    "community_cycle": 30,
    "use_network_distance": true
  }
}